bad,purpose_1,purpose_2,purpose_3,purpose_4,purpose_5,term_1,term_2,verification_status_1,verification_status_2,verification_status_3,initial_list_status_1,initial_list_status_2,loan_amnt,installment,annual_inc,dti,delinq_2yrs,inq_last_6mths,open_acc,pub_rec,total_acc,pub_rec_bankruptcies,emp_length,pop,urate
0,1,0,0,0,0,1,0,1,0,0,1,0,13000,465.23999,90000,11.91,0,3,14,0,38,0,10,1437265,8.6000004
0,0,1,0,0,0,1,0,0,0,1,1,0,10000,342.22,57000,11.14,0,1,9,0,13,0,3,36294256,12.4
0,1,0,0,0,0,1,0,0,1,0,1,0,4200,144.27,73000,12.99,1,4,8,0,35,0,1,38014872,8
0,1,0,0,0,0,1,0,0,0,1,0,1,13650,441.48001,52000,30.620001,0,0,14,0,37,0,1,4747511,8.3322582
0,1,0,0,0,0,1,0,1,0,0,1,0,5225,179.42,96600,6.8299999,0,0,6,0,7,0,0,102868224,8
0,1,0,0,0,0,1,0,0,1,0,1,0,4800,150.2,48000,13,0,1,7,0,13,0,6,74034480,9.6000004
1,1,0,0,0,0,1,0,1,0,0,1,0,8125,290.78,40000,13.59,0,1,8,0,13,0,2,252598800,9.2851067
0,0,0,0,0,1,1,0,0,1,0,1,0,13500,439.73999,40000,26.190001,0,2,8,0,26,0,6,24491948,6.0925927
1,1,0,0,0,0,1,0,0,0,1,1,0,32000,1095.09,78540,11.57,0,0,6,0,11,0,1,28726860,6.9000001
0,1,0,0,0,0,1,0,0,0,1,1,0,7000,245.41,30000,21.120001,0,0,10,0,11,0,1,23431414,7.3650794
0,0,1,0,0,0,1,0,1,0,0,1,0,10000,319.47,60000,1.78,0,2,9,0,30,0,6,26644444,8.9627905
0,1,0,0,0,0,1,0,0,1,0,1,0,20000,679.37,98000,7.8000002,0,1,16,0,35,0,10,34167956,7.8245902
0,0,0,0,0,1,1,0,1,0,0,0,1,5600,196.33,37000,1.33,0,0,3,1,7,1,6,872681,5
1,1,0,0,0,0,1,0,0,0,1,1,0,12300,403.51001,35402,25.59,0,0,12,0,26,0,10,59920644,10.55
0,1,0,0,0,0,1,0,1,0,0,1,0,14000,490.82001,63000,5.77,0,3,8,0,12,0,5,1031850880,11.05
0,1,0,0,0,0,1,0,1,0,0,1,0,8000,266.60001,61000,23.08,0,5,7,0,13,0,1,5601048,11.731818
0,1,0,0,0,0,1,0,0,1,0,1,0,10450,325.10999,55500,14.7,0,0,11,0,26,0,2,53145512,8.8999996
0,1,0,0,0,0,1,0,1,0,0,1,0,3250,108.77,28000,22.540001,0,2,12,0,27,0,0,15073816,11.301887
0,1,0,0,0,0,1,0,1,0,0,1,0,6250,212.77,24000,18.450001,0,0,11,0,14,0,3,203991376,9.2431822
0,1,0,0,0,0,0,1,0,1,0,1,0,6900,147.87,29000,22.01,0,0,21,0,44,0,6,4784228,10.226315
0,1,0,0,0,0,1,0,1,0,0,1,0,24000,747.88,195000,15.65,0,1,18,0,38,0,10,662652352,9.5273972
0,1,0,0,0,0,1,0,0,0,1,1,0,9000,291.09,55000,13.22,0,0,14,0,21,0,2,220380352,7.5999999
1,1,0,0,0,0,1,0,1,0,0,1,0,12000,368.45001,42000,19,0,0,12,0,19,0,10,56905000,7.0743241
0,0,0,0,0,1,1,0,1,0,0,1,0,2500,79.389999,31000,22.49,0,3,7,1,40,1,2,3824756,10.223684
0,0,0,1,0,0,1,0,1,0,0,1,0,5300,185.81,45000,21.120001,1,1,11,1,22,0,5,1004366,5.5771928
0,1,0,0,0,0,1,0,1,0,0,1,0,8400,289.76001,30000,21.82,0,3,10,0,20,0,1,20387208,13.2
0,1,0,0,0,0,1,0,0,0,1,0,1,16000,508.06,80000,18.49,0,0,8,0,30,0,10,1437265,8.6000004
0,1,0,0,0,0,1,0,0,0,1,1,0,25000,876.46002,60000,16.08,0,0,6,0,35,0,10,33752616,6.1052632
0,1,0,0,0,0,1,0,0,1,0,1,0,25000,882.51001,300000,5,0,2,5,0,24,0,2,102868224,8
0,0,0,1,0,0,1,0,0,1,0,1,0,3500,109.13,105508,15.1,0,0,14,0,25,0,10,7639828,12.252381
0,1,0,0,0,0,1,0,0,0,1,1,0,30000,1092.87,66000,12.64,0,1,8,1,15,1,10,5799147,11.128125
0,0,0,0,0,1,1,0,0,0,1,1,0,8000,259.53,120000,11.32,1,0,9,0,28,0,3,269249344,5.3963857
0,1,0,0,0,0,1,0,0,0,1,1,0,24000,762.08002,84000,16.360001,0,0,8,1,29,0,5,103764672,7.5
0,0,1,0,0,0,0,1,1,0,0,1,0,8000,189.95,65000,10.91,0,0,6,0,17,0,5,2482672,8.7550726
0,1,0,0,0,0,1,0,1,0,0,1,0,10000,327.34,39996,11.82,0,0,5,0,12,0,2,45036896,9.7911768
0,0,0,0,0,1,1,0,1,0,0,1,0,7500,259.41,43260,23.860001,0,3,23,0,33,0,1,13722318,12.75
0,1,0,0,0,0,1,0,0,1,0,1,0,4500,161.05,15000,17.85,0,1,23,0,34,0,2,9282360,6.9000001
0,0,0,1,0,0,1,0,0,0,1,1,0,10000,361.95999,78300,21.690001,0,2,7,0,16,0,1,3838421,9.7650003
0,1,0,0,0,0,1,0,1,0,0,1,0,10000,340.17999,65000,17.08,0,0,8,0,26,0,7,81025504,5.5822783
0,1,0,0,0,0,1,0,0,1,0,1,0,5950,201.89,60000,15.7,0,1,16,0,22,0,0,66606060,6.4366198
0,1,0,0,0,0,1,0,0,0,1,1,0,10425,346.85999,31000,28.030001,0,0,5,0,16,0,10,11219221,9.0621948
0,1,0,0,0,0,1,0,1,0,0,1,0,16000,523.77002,38000,20.18,0,1,12,0,25,0,3,2832238,10.933333
1,1,0,0,0,0,1,0,1,0,0,1,0,8000,280.47,30000,21.440001,0,0,6,0,11,0,4,29043448,8.0661535
1,1,0,0,0,0,1,0,0,1,0,1,0,7750,252.78,35000,6.5100002,0,0,5,0,12,0,6,58689792,5.3000002
0,0,0,0,0,1,1,0,1,0,0,1,0,3000,95.32,54000,13.42,0,2,9,0,14,0,0,2796752,10.1
1,1,0,0,0,0,1,0,0,0,1,0,1,12000,388.10999,98000,27.040001,0,4,15,0,32,0,10,4076265,8.2739134
0,1,0,0,0,0,1,0,0,1,0,0,1,10000,328.06,58000,8.5699997,0,0,14,0,28,0,5,22190028,8.2340908
0,1,0,0,0,0,1,0,1,0,0,1,0,16000,532.34998,56000,23,0,0,16,0,18,0,6,266776752,9.1000004
0,1,0,0,0,0,1,0,1,0,0,1,0,15000,513.33002,117000,17.860001,1,0,12,0,27,0,0,27144992,14.5025
0,0,0,0,0,1,1,0,0,0,1,1,0,8000,250.33,35000,3.77,0,4,7,0,7,0,3,7596300,10.619047
0,1,0,0,0,0,1,0,1,0,0,1,0,10000,311.01999,69228,13.38,0,0,8,0,17,0,3,107546368,10.016666
0,1,0,0,0,0,1,0,0,0,1,1,0,6000,190.52,51000,22.24,0,0,11,0,26,0,3,10998276,4.2391305
0,1,0,0,0,0,1,0,1,0,0,1,0,14100,469.14001,60000,8.4399996,1,0,10,0,24,0,10,3642091,9.4571428
0,0,0,0,0,1,1,0,1,0,0,1,0,1600,50.07,35000,31.610001,0,0,16,0,26,0,0,206051696,8.0784092
0,0,0,1,0,0,1,0,1,0,0,1,0,8000,274.70999,54000,22.33,0,0,11,0,30,0,10,58151924,6.6417723
0,0,0,0,0,1,1,0,0,0,1,1,0,22250,719.62,100000,0.54000002,0,2,7,0,19,0,10,55974272,8
0,0,1,0,0,0,1,0,0,0,1,1,0,21000,693.79999,92000,9.4200001,0,0,14,0,20,0,0,1464805,11.3
1,1,0,0,0,0,1,0,0,0,1,1,0,10000,363.98999,125000,9.9300003,0,0,17,0,37,0,0,131929072,11.6
0,1,0,0,0,0,1,0,1,0,0,1,0,10000,366.82001,69000,3.0599999,0,1,4,0,18,0,3,266776752,9.1000004
0,1,0,0,0,0,1,0,1,0,0,1,0,20000,646.84998,90000,17.950001,0,0,14,0,29,0,10,94502720,7
0,1,0,0,0,0,1,0,1,0,0,0,1,6000,196.84,69100,12.63,0,1,19,0,28,0,10,1229649,8.5830984
0,1,0,0,0,0,1,0,1,0,0,0,1,3000,102.67,60000,18.76,1,2,11,0,25,0,6,1223553,6.1666665
0,1,0,0,0,0,1,0,1,0,0,1,0,3000,99.82,30000,9.8000002,0,0,10,0,30,0,2,19864662,9.6118641
0,0,0,0,0,1,1,0,0,1,0,1,0,3000,93.849998,50000,8.1599998,0,0,4,0,5,0,1,263101184,10.8
1,1,0,0,0,0,1,0,0,0,1,1,0,13250,482.29001,58000,15.23,0,3,5,1,10,1,10,228888864,9.6999998
0,0,0,0,0,1,1,0,0,0,1,1,0,5600,171.95,37882,26.01,0,1,7,0,28,0,8,67735112,8.3000002
0,1,0,0,0,0,1,0,0,1,0,1,0,9175,307.78,28500,19.030001,0,0,6,0,10,0,0,3073038,8.1431036
0,0,1,0,0,0,1,0,1,0,0,1,0,7500,231.75,48000,0.85000002,0,0,8,1,18,0,0,28691248,12.234568
0,1,0,0,0,0,1,0,1,0,0,1,0,12000,412.06,90000,9.2799997,0,1,12,0,19,0,10,5175152,4.6133332
0,1,0,0,0,0,1,0,1,0,0,1,0,24000,736.89001,120000,15.88,0,3,8,0,20,0,10,52107696,6.4254236
1,1,0,0,0,0,1,0,0,1,0,1,0,13000,424.01001,60000,18.16,0,0,13,0,20,0,3,436422016,9.9670734
0,1,0,0,0,0,1,0,1,0,0,1,0,13450,460.28,40000,12.93,0,0,5,0,32,0,1,3206016,7.1999998
0,1,0,0,0,0,1,0,1,0,0,1,0,3000,93.489998,28080,10.26,0,0,6,0,22,0,1,317256448,7.3000002
0,1,0,0,0,0,1,0,1,0,0,1,0,10000,317.54001,65000,16.049999,0,0,15,0,27,0,8,271088,4.453846
0,1,0,0,0,0,1,0,1,0,0,1,0,7000,237.52,41000,6.4699998,0,0,5,0,10,0,2,106050376,7.5830507
0,1,0,0,0,0,1,0,1,0,0,1,0,7000,236.61,89000,14.25,1,0,7,0,34,0,10,198496544,9.3999996
0,0,0,0,0,1,1,0,0,1,0,1,0,5000,173.11,150000,0.33000001,0,2,3,0,3,0,1,101640256,7.8000002
1,1,0,0,0,0,1,0,0,0,1,1,0,28000,876.13,124000,16.440001,2,0,19,0,53,0,10,13660565,8.1000004
0,1,0,0,0,0,1,0,0,0,1,0,1,28000,876.13,100000,13.01,0,0,9,0,23,0,10,12492318,5.9595237
0,1,0,0,0,0,1,0,0,0,1,1,0,15000,555.32001,110630,27.889999,1,2,19,0,52,0,7,30082984,7.0972972
0,1,0,0,0,0,1,0,0,1,0,1,0,9750,316.31,68000,4.25,0,0,7,0,25,0,3,103619264,9.3000002
0,1,0,0,0,0,1,0,1,0,0,0,1,15000,499.07999,48000,14.26,0,0,8,0,19,0,4,23431414,7.3650794
0,0,0,1,0,0,1,0,0,0,1,1,0,9000,308.79001,180000,5.6100001,0,0,6,0,30,0,5,99097504,8.3626509
0,1,0,0,0,0,1,0,0,0,1,1,0,35000,1181.15,83000,8.79,0,0,6,0,16,0,0,9438034,9.6550722
0,1,0,0,0,0,1,0,0,0,1,1,0,15000,527.06,135000,6.8600001,0,1,12,0,32,0,1,3642654,10.430159
0,0,0,0,0,1,1,0,0,1,0,1,0,1000,34.779999,39960,9.25,0,1,3,0,15,0,0,12080366,7.4499998
0,0,0,0,0,1,1,0,0,0,1,1,0,21250,787.46002,80000,19.200001,0,6,20,0,36,0,1,48092016,5.1303029
1,0,1,0,0,0,1,0,0,0,1,1,0,9600,305.01001,85000,12.01,0,0,13,0,32,0,0,1411255,12.8
0,1,0,0,0,0,1,0,0,1,0,1,0,7000,228.02,40000,9.75,0,1,4,0,6,0,1,76217584,7.9000001
0,1,0,0,0,0,1,0,1,0,0,1,0,7200,252.42999,56048,10.71,0,1,7,0,9,0,4,7903688,14.9
0,1,0,0,0,0,1,0,0,0,1,1,0,15000,524.79999,322400,15.58,0,1,20,0,53,0,10,2633974,8.541667
0,1,0,0,0,0,1,0,1,0,0,1,0,3000,109.59,27000,7.5999999,0,0,5,0,6,0,0,21236694,7.4301586
0,1,0,0,0,0,1,0,1,0,0,1,0,12000,374.16,42000,21.370001,0,1,15,0,30,0,7,3475686,9.5181818
0,1,0,0,0,0,1,0,0,0,1,1,0,8800,274.22,86000,20.440001,0,1,16,0,38,0,10,29647520,9.458025
0,1,0,0,0,0,1,0,1,0,0,1,0,18000,582.16998,70000,20.780001,0,0,10,0,29,0,2,46618800,7.1999998
1,1,0,0,0,0,1,0,1,0,0,1,0,12000,388.10999,110000,9.4099998,0,0,15,0,33,0,2,46618800,7.1999998
0,1,0,0,0,0,1,0,0,0,1,1,0,7800,253.00999,52000,18.35,0,2,10,0,21,0,6,23636668,10.076056
0,1,0,0,0,0,1,0,1,0,0,1,0,11200,355.64001,105000,11.03,0,0,7,0,14,0,2,1661900,7
1,0,0,1,0,0,1,0,0,0,1,1,0,25000,828.34998,235800,2.51,0,1,15,0,38,0,10,167416192,11.6
0,1,0,0,0,0,0,1,0,1,0,1,0,10575,287.39999,110000,14.5,0,0,36,0,78,0,0,46594624,10.2
0,1,0,0,0,0,1,0,0,1,0,1,0,11000,339.60001,44975.52,7.1199999,0,0,10,0,13,0,2,46594624,10.2
0,0,0,0,0,1,0,1,1,0,0,1,0,6000,137.85001,44000,5.2399998,0,2,3,0,5,0,10,3073038,8.1431036
0,1,0,0,0,0,1,0,1,0,0,1,0,3500,119.78,81000,15.72,0,1,18,0,52,0,10,3608987,10.729546
0,1,0,0,0,0,1,0,0,1,0,1,0,12000,381.04001,51232,13.19,0,0,7,0,10,0,10,123197568,10.881481
0,1,0,0,0,0,1,0,0,1,0,1,0,6000,205.38,35004,16.76,1,0,8,0,23,0,1,9085950,5.1404495
0,1,0,0,0,0,1,0,0,1,0,1,0,4800,152.42,45000,23.709999,0,0,7,0,14,0,0,5175152,4.6133332
1,0,0,1,0,0,1,0,1,0,0,1,0,6000,203.94,36000,15.1,0,6,9,0,15,0,8,94197792,7.5999999
0,1,0,0,0,0,1,0,1,0,0,1,0,11000,365.31,45000,8.96,0,1,6,0,20,0,6,53176464,8.1000004
0,0,0,0,0,1,1,0,0,0,1,1,0,5000,162.21001,36000,5.1999998,0,2,3,0,5,0,0,61144840,12.1
0,0,0,0,0,1,1,0,0,1,0,1,0,5000,165.74001,30000,12.36,0,0,3,0,5,0,4,31494168,11.049057
0,0,0,0,0,1,1,0,0,0,1,1,0,7200,228.63,14400,27.67,0,0,4,0,5,0,7,55974272,8
0,1,0,0,0,0,1,0,1,0,0,1,0,9000,288.81,60000,6.1599998,0,1,6,0,30,0,10,17124420,4.1999998
0,1,0,0,0,0,1,0,1,0,0,1,0,10000,348.17999,55000,18.700001,0,0,13,0,22,0,10,124009184,10.279013
0,1,0,0,0,0,1,0,0,0,1,1,0,10000,332.72,51000,28.26,0,0,11,0,17,0,10,29962978,8.997674
0,1,0,0,0,0,1,0,1,0,0,1,0,2500,84.370003,36000,10.23,0,1,9,0,17,0,6,8791079,8.4099998
1,0,1,0,0,0,1,0,0,0,1,1,0,11500,371.94,55000,32.790001,0,0,10,0,25,0,10,433580,11.606061
1,1,0,0,0,0,1,0,1,0,0,1,0,6300,220.87,21609.551,12.99,0,0,10,0,20,0,5,872681,5
0,1,0,0,0,0,1,0,0,0,1,1,0,10000,323.42999,52000,23.049999,0,2,15,0,35,0,10,375538176,8.9881716
0,1,0,0,0,0,1,0,1,0,0,1,0,15000,515.08002,75000,27.299999,0,2,14,0,59,0,10,6825669,6.8899999
1,1,0,0,0,0,1,0,1,0,0,1,0,12000,417.81,38000,15.79,1,0,12,0,24,0,10,218171024,8.3000002
0,0,0,0,0,1,1,0,0,0,1,1,0,15500,515.71997,48000,21.530001,0,0,14,0,24,0,5,142480,13.6
0,1,0,0,0,0,1,0,0,1,0,1,0,12000,389.29999,60000,11.9,1,0,7,0,21,0,2,269662592,8.9510641
0,0,0,1,0,0,1,0,1,0,0,1,0,11000,365.98999,40000,8.1000004,0,0,12,0,15,0,10,108639128,8.5190477
0,1,0,0,0,0,1,0,0,0,1,1,0,10000,337.47,116000,16.26,0,1,15,0,22,0,4,18146530,6.6387753
0,1,0,0,0,0,1,0,0,0,1,1,0,13500,461.98999,51800,27.01,0,0,13,1,21,1,6,10121855,8.4813185
0,1,0,0,0,0,1,0,0,0,1,1,0,6000,190.52,66000,13.57,0,0,8,0,15,0,5,204005744,9.1000004
0,1,0,0,0,0,1,0,1,0,0,1,0,10000,321.54999,40000,14.43,0,0,18,0,37,0,1,28538114,7
0,0,0,0,0,1,1,0,0,1,0,1,0,1500,50.630001,43000,20.370001,0,3,10,0,14,0,6,11152751,6.868
0,1,0,0,0,0,1,0,1,0,0,1,0,8500,276.64001,49000,6.7600002,0,0,9,0,22,0,10,4522482,11.040277
0,1,0,0,0,0,1,0,1,0,0,1,0,12000,412.06,60000,10.42,0,1,9,0,24,0,3,141779760,9.4725275
1,0,0,0,0,1,1,0,0,1,0,1,0,5000,176.50999,38000,11.84,0,2,12,0,43,0,6,3785887,5.2199998
1,0,1,0,0,0,1,0,0,1,0,1,0,16000,529.21997,42494,10.65,0,0,6,0,9,0,7,13558495,9.6999998
0,1,0,0,0,0,1,0,0,1,0,1,0,3000,111.07,21000,12.3,0,1,4,0,16,0,5,4211916,9.9194441
0,1,0,0,0,0,1,0,0,1,0,1,0,10000,363.98999,36000,12.63,0,2,10,0,29,0,10,72828448,7.6999998
0,1,0,0,0,0,1,0,0,0,1,1,0,24000,824.12,240000,11.81,0,0,10,0,15,0,10,72250784,8.3000002
0,0,0,1,0,0,1,0,1,0,0,1,0,5000,171.31,69000,9.3400002,4,3,7,0,31,0,10,3625930,9.0090914
0,1,0,0,0,0,1,0,1,0,0,1,0,9000,304.29001,67992,18.51,0,10,17,0,26,0,8,76756912,5.5272727
0,0,0,0,0,1,1,0,0,1,0,1,0,10000,331.64001,85000,11.86,0,0,10,0,17,0,10,22532534,7.8492064
0,1,0,0,0,0,1,0,1,0,0,1,0,23750,801.5,67000,27.360001,0,0,12,0,21,0,1,272417,4.6415386
1,0,0,0,1,0,1,0,1,0,0,1,0,5000,174.73,160000,15.77,0,6,17,0,46,0,7,17606224,9.4153843
0,0,0,1,0,0,1,0,0,0,1,1,0,12000,404.97,72000,33.509998,0,1,19,0,40,0,5,266776752,9.1000004
0,1,0,0,0,0,1,0,1,0,0,1,0,3500,120.09,34000,20.190001,0,0,9,0,14,0,0,10527000,10.3
0,1,0,0,0,0,1,0,0,1,0,1,0,6900,229.58,79000,5.79,0,1,4,0,8,0,6,9567910,7.3000002
0,0,1,0,0,0,0,1,1,0,0,1,0,2000,40.09,71328,4.7600002,0,1,7,0,27,0,8,5558043,10.7
0,0,0,0,0,1,1,0,1,0,0,1,0,9600,328.53,51996,20.75,0,0,10,0,41,0,8,653791488,12.336987
0,1,0,0,0,0,1,0,1,0,0,0,1,15000,485.14001,42000,8.3699999,0,0,3,0,3,0,10,95179352,16.303333
0,1,0,0,0,0,1,0,1,0,0,1,0,5000,164.86,30000,10.2,0,3,3,0,4,0,0,11054155,12.006098
0,0,0,1,0,0,1,0,1,0,0,1,0,12000,404.97,81528,14.25,2,1,12,0,34,0,10,101459256,7.1614456
0,1,0,0,0,0,1,0,0,0,1,1,0,6800,231.32001,32000,8.6199999,0,0,8,0,12,0,7,102868224,8
0,1,0,0,0,0,1,0,1,0,0,1,0,4800,171.78,85881,24.68,3,1,10,0,33,0,10,57661368,7.0139241
0,1,0,0,0,0,1,0,0,0,1,1,0,6000,192.57001,26000,8.3500004,0,0,12,0,32,0,1,2140710,11.474286
0,1,0,0,0,0,0,1,1,0,0,1,0,6000,133.05,50000,22.99,0,1,11,1,28,1,10,269011872,9.8510637
1,1,0,0,0,0,1,0,0,0,1,1,0,21725,766.90997,110000,29.110001,0,2,15,0,46,0,10,6116022,8.1199999
0,1,0,0,0,0,1,0,0,1,0,1,0,15000,496.14001,30000,16.530001,0,0,8,0,17,0,0,125542000,9.1000004
0,1,0,0,0,0,1,0,0,1,0,1,0,4800,161.69,55000,10.76,3,2,3,0,33,0,2,2137148,9.5102568
0,1,0,0,0,0,1,0,1,0,0,1,0,6900,236.13,50000,17.780001,0,1,9,0,13,0,10,2592615,9.3515148
0,1,0,0,0,0,1,0,1,0,0,0,1,20000,625.81,56000,23.93,0,0,11,0,32,0,2,5010162,8.649333
0,1,0,0,0,0,1,0,0,0,1,1,0,24925,932.53998,125000,5.0300002,2,0,6,0,12,0,10,50695316,6.6197677
0,1,0,0,0,0,1,0,0,0,1,1,0,10000,312.81,75000,22.299999,0,0,11,0,24,0,2,4450606,8.8645163
1,1,0,0,0,0,1,0,0,0,1,1,0,15000,536.81,38000,29.92,0,1,8,0,15,0,5,23554320,7.8444443
0,0,0,1,0,0,1,0,1,0,0,1,0,3625,120.61,90000,14.33,0,3,8,0,10,0,4,184324368,7.9483871
0,1,0,0,0,0,1,0,0,0,1,1,0,9000,280,125000,9.1599998,0,1,10,0,27,0,7,21081696,7.9428573
0,1,0,0,0,0,1,0,1,0,0,1,0,10000,350.10999,39312,21.73,0,0,8,0,12,0,5,186634384,9.6999998
0,0,0,1,0,0,1,0,0,0,1,0,1,25000,779.03998,110000,6.1500001,0,1,11,0,31,0,10,248792256,9.6999998
0,1,0,0,0,0,1,0,1,0,0,1,0,6000,196.84,40000,28.530001,0,2,11,0,23,0,2,2570012,9.1285715
0,1,0,0,0,0,1,0,0,0,1,1,0,9000,280,135000,11.71,0,2,12,0,29,0,2,206051696,8.0784092
0,1,0,0,0,0,1,0,1,0,0,1,0,19500,658.07001,55000,26.25,0,0,16,0,21,0,2,43885452,7.1999998
0,0,0,0,0,1,1,0,1,0,0,1,0,7200,234.53,95000,6.1999998,0,1,9,0,15,0,7,7903688,14.9
0,1,0,0,0,0,1,0,0,1,0,1,0,3600,109.8,30000,3.28,0,1,8,0,17,0,0,103619264,9.3000002
1,1,0,0,0,0,1,0,1,0,0,1,0,5600,191.64,39500,15.83,0,2,10,0,16,0,7,48145216,8.7607145
0,0,0,0,0,1,1,0,1,0,0,1,0,2000,63.509998,60000,11.54,0,0,15,0,41,0,8,218171024,8.3000002
0,0,0,0,0,1,1,0,1,0,0,1,0,8000,279.60999,54000,8.6000004,0,0,8,0,13,0,3,203991376,9.2431822
1,1,0,0,0,0,1,0,1,0,0,1,0,9000,273.92001,60000,5.2199998,0,0,6,0,15,0,10,1813603,10.1
0,1,0,0,0,0,1,0,0,1,0,1,0,13000,432.54001,52000,16.48,0,1,7,0,17,0,10,2477373,7.9376812
0,0,1,0,0,0,1,0,0,1,0,1,0,14000,465.81,82600,7.6399999,0,0,7,0,10,0,2,6322876,12.604348
0,1,0,0,0,0,1,0,0,1,0,1,0,14575,443.60001,37000,25.65,0,0,9,0,25,0,5,56877764,11.198305
0,1,0,0,0,0,1,0,0,0,1,0,1,15000,529.51001,38000,29.049999,0,0,6,0,9,0,10,15228960,8.6641512
0,1,0,0,0,0,1,0,1,0,0,1,0,9000,280.45999,114000,5.1999998,0,0,11,0,20,0,2,939094080,10.9
0,1,0,0,0,0,1,0,1,0,0,1,0,20000,623.22998,115000,14.08,0,1,9,0,40,0,3,77815424,4.6342859
0,1,0,0,0,0,1,0,0,0,1,1,0,3000,96.290001,59300,9.5900002,2,1,7,0,16,0,1,966837,9.9392853
0,1,0,0,0,0,1,0,1,0,0,1,0,6500,197.13,40116.121,21.93,0,0,12,0,21,0,2,147279152,12.5
0,1,0,0,0,0,1,0,1,0,0,1,0,28000,974.89001,100000,7.2600002,0,0,18,0,31,0,10,291221792,9.4123459
0,1,0,0,0,0,1,0,1,0,0,1,0,10000,342.22,95000,8.7799997,0,3,10,0,17,0,2,77496176,8.4279413
0,0,0,1,0,0,1,0,1,0,0,1,0,7000,231.37,65000,19.68,0,0,23,0,34,0,10,75181216,4.9514284
0,1,0,0,0,0,1,0,0,0,1,0,1,21000,644.78003,56000,14.31,0,0,9,0,34,0,8,4581520,10.111111
0,0,0,0,0,1,1,0,1,0,0,1,0,2200,69.860001,90000,9.04,0,6,10,0,30,0,7,1958405,5.9236364
0,1,0,0,0,0,1,0,1,0,0,1,0,9000,305.89999,60000,10.9,0,0,10,0,21,0,0,7955064,16.1
0,1,0,0,0,0,1,0,0,1,0,1,0,10750,374.29001,32000,20.549999,0,0,9,0,18,0,5,42520504,7.8914285
0,0,0,1,0,0,1,0,1,0,0,1,0,5000,152.17999,40000,11.28,0,3,11,0,16,0,10,8114177,7.9626865
0,1,0,0,0,0,1,0,0,0,1,1,0,28000,981.64001,170000,8.3400002,0,1,10,0,18,0,3,3031312,7.4666667
0,1,0,0,0,0,1,0,1,0,0,1,0,3600,112.65,39000,27.51,0,1,18,1,42,1,5,55974272,8
0,1,0,0,0,0,1,0,1,0,0,0,1,21000,698.71002,88000,12.55,0,0,6,0,14,0,10,53791056,6.8000002
0,1,0,0,0,0,1,0,0,0,1,1,0,6000,199.63,44000,32.669998,1,0,5,0,31,0,10,905310,7.6999998
0,0,0,1,0,0,1,0,0,0,1,1,0,35000,1095.16,185232,8.7299995,0,0,8,0,46,0,10,28882880,11.024692
0,1,0,0,0,0,1,0,1,0,0,0,1,7000,226.39999,70000,0.25999999,0,3,3,0,7,0,5,36428544,6.3225808
0,1,0,0,0,0,1,0,1,0,0,1,0,18650,620.52002,120000,15.29,0,2,10,0,18,0,2,110185592,7.2464285
1,0,1,0,0,0,1,0,1,0,0,1,0,3200,106.61,15000,16.879999,0,3,14,0,19,0,8,7822012,13.066667
0,1,0,0,0,0,1,0,0,0,1,0,1,20000,608.71997,110000,10.68,0,0,7,0,14,0,0,19754836,6.25
1,1,0,0,0,0,1,0,1,0,0,1,0,10000,147.39,80000,11.03,0,0,8,0,14,0,4,6318796,6.0225353
0,1,0,0,0,0,1,0,0,1,0,1,0,12000,413.94,52000,16.709999,0,2,14,1,37,1,0,8371671,8.1718311
1,1,0,0,0,0,1,0,0,0,1,1,0,11500,418.59,33384,24.549999,0,0,13,0,23,0,6,55322960,7.4000001
0,0,0,1,0,0,1,0,0,0,1,1,0,15000,457.48999,100000,3.9400001,0,0,9,0,15,0,2,269011872,9.8510637
0,1,0,0,0,0,1,0,1,0,0,1,0,10000,324.42001,55000,21.6,0,2,11,0,18,0,4,51300136,7.1999998
0,1,0,0,0,0,1,0,0,0,1,0,1,15000,467.42999,340000,6.6199999,0,3,13,0,29,0,10,51554764,8.2894735
0,1,0,0,0,0,1,0,1,0,0,1,0,12000,375.48999,75000,12.78,0,0,19,0,27,0,4,5598250,6.7312498
0,1,0,0,0,0,1,0,1,0,0,1,0,14000,459.28,100000,26.889999,0,1,18,0,37,0,2,41231528,6.252809
0,1,0,0,0,0,1,0,0,1,0,1,0,16000,486.97,65000,17.629999,0,0,6,0,21,0,10,3403310,6.7901406
0,1,0,0,0,0,1,0,0,0,1,1,0,12000,373.94,109000,17.75,0,1,17,0,51,0,5,3206016,7.1999998
0,0,0,0,0,1,1,0,0,1,0,1,0,2000,70.610001,35000,11.25,0,3,8,0,23,0,0,21084828,7.717073
0,0,0,1,0,0,1,0,0,1,0,1,0,12000,363.92999,90000,2.8499999,0,0,15,0,24,0,7,109425240,8.6000004
0,1,0,0,0,0,1,0,0,0,1,1,0,9500,316.09,60000,18.83,0,4,8,0,16,0,6,380353408,7.5215054
0,0,0,0,0,1,1,0,0,1,0,1,0,16000,491.26001,300000,0.5,0,0,5,0,12,0,2,102868224,8
0,1,0,0,0,0,1,0,1,0,0,1,0,5500,196.83,60000,4.4899998,1,1,13,0,21,0,5,248792256,9.6999998
0,1,0,0,0,0,1,0,1,0,0,1,0,6000,187.75,110000,3.8800001,0,0,8,0,14,0,3,71517920,8.1000004
0,1,0,0,0,0,1,0,1,0,0,1,0,1500,48.189999,51996,15.62,0,1,9,0,32,0,10,2630059,5.3190475
0,1,0,0,0,0,0,1,0,1,0,1,0,10000,241.33,30000,16.68,0,1,5,0,11,0,8,61144840,12.1
0,0,0,1,0,0,1,0,1,0,0,1,0,4800,168.28999,63000,7.6999998,0,0,12,0,21,0,10,4559883,9.547368
0,0,0,1,0,0,1,0,1,0,0,1,0,2200,71.160004,37000,18.190001,0,0,7,0,9,0,10,72160832,8.0377779
0,0,0,0,0,1,1,0,1,0,0,1,0,6400,216.33,67000,15.15,0,2,11,0,27,0,10,6078020,11.395162
1,0,0,0,0,1,1,0,1,0,0,1,0,1000,32.580002,33600,20.18,0,0,6,0,8,0,0,107546368,10.016666
0,1,0,0,0,0,1,0,0,0,1,1,0,18000,615.10999,140000,3.8699999,0,1,4,0,18,0,0,53791056,6.8000002
1,0,0,0,0,1,1,0,1,0,0,1,0,2400,76.209999,32000,33.259998,0,5,7,0,10,0,8,125542000,9.1000004
0,1,0,0,0,0,1,0,1,0,0,1,0,10000,350.59,65000,15.25,0,3,13,0,18,0,10,148774512,11.310667
0,0,0,0,0,1,1,0,0,0,1,1,0,14500,445.20999,65000,0.88999999,0,1,12,0,21,0,2,4167630,8.1000004
0,0,0,0,0,1,1,0,0,0,1,1,0,6000,184.23,70000,2.6700001,0,0,17,0,41,0,10,149819360,9.7213335
0,1,0,0,0,0,1,0,1,0,0,1,0,4125,141.64999,26000,21.09,0,0,9,0,19,0,2,5831976,6.6153846
0,0,0,0,0,1,1,0,0,1,0,1,0,10000,312.82001,75000,10.4,0,0,17,0,22,0,0,95867288,9.0086956
0,1,0,0,0,0,1,0,0,0,1,1,0,19075,652.78003,66000,22.190001,0,0,10,0,25,0,3,1030715,8.4071426
0,0,0,0,0,1,1,0,0,1,0,1,0,6000,208.67,33000,13.67,0,1,2,0,3,0,0,269662592,8.9510641
0,1,0,0,0,0,1,0,1,0,0,1,0,10000,317.54001,65000,25.530001,0,0,10,0,29,0,5,22299870,9.2733335
1,1,0,0,0,0,1,0,0,1,0,1,0,7000,239.61,230000,7.5700002,0,1,7,1,27,1,4,187660736,8.6999998
0,1,0,0,0,0,1,0,0,0,1,1,0,14000,429.85999,75000,15.02,0,2,20,0,33,0,10,85666656,8
0,1,0,0,0,0,1,0,1,0,0,1,0,7125,249.8,34320,22.59,0,1,4,0,5,0,4,7408750,13.994805
0,1,0,0,0,0,1,0,1,0,0,1,0,7000,255.71001,53000,13.63,0,2,5,0,10,0,10,266776752,9.1000004
0,0,0,0,0,1,1,0,0,1,0,1,0,15000,469.35999,120000,7.1199999,0,3,9,0,21,0,10,38337936,7.6999998
0,1,0,0,0,0,1,0,0,0,1,1,0,16000,517.47998,90000,13.63,0,1,11,0,37,0,10,323130176,6.5999999
0,1,0,0,0,0,1,0,1,0,0,1,0,13225,465.67999,123000,24.549999,0,2,16,0,47,0,0,371155296,10.4
0,0,0,0,0,1,1,0,0,0,1,1,0,7650,254.53,55000,2.25,0,3,7,0,10,0,2,375538176,8.9881716
0,1,0,0,0,0,1,0,1,0,0,1,0,12000,390.88,60000,16.98,0,3,12,0,24,0,3,13463216,9.4925928
0,0,0,0,0,1,1,0,0,1,0,1,0,5400,193.25999,120000,12.52,4,0,7,0,33,0,0,286670816,10.9
0,1,0,0,0,0,1,0,1,0,0,0,1,8925,315.06,55000,8.0500002,0,2,12,0,26,0,8,1031850880,11.05
1,0,0,0,0,1,1,0,0,1,0,1,0,2000,71.199997,33000,3.3099999,0,2,3,0,3,0,2,332640,10.5
0,1,0,0,0,0,1,0,1,0,0,1,0,10000,311.10001,24000,10.8,0,3,15,0,21,0,7,11453074,8.8869562
0,1,0,0,0,0,1,0,1,0,0,1,0,12800,406.67999,34000,0.18000001,0,0,7,0,31,0,4,57131200,9.1000004
1,1,0,0,0,0,0,1,0,0,1,1,0,15000,374.32999,83000,17.549999,1,0,7,0,21,0,4,247772240,12.931915
0,1,0,0,0,0,1,0,1,0,0,1,0,3500,121.03,43000,20.76,0,0,11,0,18,0,4,185326736,5.3000002
0,0,0,0,0,1,1,0,0,0,1,1,0,6400,229.03999,32000,9.8299999,0,0,7,2,9,1,7,662652352,9.5273972
0,1,0,0,0,0,1,0,0,0,1,1,0,27575,1038.75,55200,28.48,0,2,9,0,25,0,8,3521231,10.94
0,0,0,0,0,1,1,0,1,0,0,1,0,8000,272.14999,53560,15.39,0,0,10,0,13,0,10,40594456,6.3898878
0,0,0,1,0,0,1,0,0,0,1,1,0,7200,239.56,51000,17.530001,0,2,12,0,36,0,10,98684288,5.6652174
0,1,0,0,0,0,1,0,1,0,0,1,0,10500,368.12,33600,13.68,0,1,15,0,33,0,3,1941317,8.9444447
0,1,0,0,0,0,1,0,1,0,0,1,0,8000,286.29999,47000,15.78,0,1,8,0,15,0,10,36294256,12.4
0,1,0,0,0,0,1,0,1,0,0,1,0,10000,341.73001,93000,9.5100002,0,2,6,1,21,1,10,1652428,9.9142857
0,1,0,0,0,0,1,0,0,0,1,1,0,8000,266.17999,78000,8.3800001,0,0,8,0,11,0,0,33370312,7.3611112
0,1,0,0,0,0,1,0,0,0,1,1,0,10900,396.75,37000,19.219999,0,1,7,0,7,0,3,72250784,8.3000002
0,1,0,0,0,0,1,0,1,0,0,1,0,13000,438.72,65000,9.71,0,0,18,0,41,0,3,18227630,6.3106384
0,1,0,0,0,0,1,0,1,0,0,1,0,21000,639.15002,100000,18.01,0,0,8,0,26,0,0,46618800,7.1999998
0,1,0,0,0,0,1,0,0,0,1,1,0,1500,50.540001,27340,24.32,0,2,18,0,28,0,7,270155,3.8707693
0,1,0,0,0,0,1,0,0,0,1,1,0,10075,355.66,56000,16.459999,0,0,11,0,15,0,3,129944080,13.2
0,1,0,0,0,0,1,0,0,0,1,1,0,15000,513.33002,61000,3,0,1,9,1,28,1,2,106489448,6.5
1,0,0,0,0,1,1,0,1,0,0,1,0,4250,150.03,45000,10.16,0,1,2,0,8,0,10,14147094,8.3534479
0,1,0,0,0,0,1,0,0,0,1,1,0,10000,343.39001,39000,31.82,0,0,23,0,34,0,8,64467160,6.8171873
0,0,0,1,0,0,1,0,1,0,0,1,0,4075,122.91,45000,23.41,0,1,6,0,35,0,6,4363654,11.527778
0,1,0,0,0,0,0,1,1,0,0,1,0,12000,146.39999,33600,18.18,0,0,5,0,9,0,7,51204528,7.7288136
0,1,0,0,0,0,1,0,0,1,0,1,0,12000,400.98999,55000,14.18,1,0,6,0,11,0,10,13689160,9.6999998
0,1,0,0,0,0,1,0,1,0,0,1,0,14400,479.12,55000,29.1,0,2,8,0,22,0,2,247130032,10.9
0,1,0,0,0,0,1,0,0,0,1,0,1,11500,382.63,35000,33.84,1,1,13,0,25,0,10,4258992,8.9849319
0,0,1,0,0,0,1,0,0,0,1,1,0,7000,214.92999,60000,5.5799999,0,0,10,0,35,0,8,66606060,6.4366198
1,0,0,0,0,1,1,0,1,0,0,1,0,2000,70.610001,30972,15.61,0,2,4,0,5,0,1,798152,8.1941175
1,1,0,0,0,0,1,0,0,0,1,1,0,20000,674.94,70000,13.7,0,0,15,0,25,0,5,1287697,5.5351353
0,0,0,1,0,0,1,0,1,0,0,1,0,2000,62.02,24000,8,0,0,2,0,5,0,1,248322864,12.447872
0,1,0,0,0,0,1,0,0,0,1,0,1,18000,687.25,41600,19.290001,0,3,12,1,19,1,10,19001362,9.2378044
0,1,0,0,0,0,1,0,0,0,1,1,0,15000,499.07999,46000,27.030001,0,0,14,0,28,0,2,18985488,6.8000002
0,1,0,0,0,0,1,0,0,0,1,1,0,14825,451.20999,72000,13.08,0,0,14,0,30,0,2,151733072,7.196629
0,1,0,0,0,0,1,0,1,0,0,0,1,4000,144.14999,105000,9.7399998,0,2,8,0,10,0,10,28566644,5.639535
0,1,0,0,0,0,1,0,1,0,0,0,1,12300,434.20001,60000,14.34,0,2,10,1,15,1,10,55769912,7.1338983
1,1,0,0,0,0,1,0,1,0,0,1,0,8000,269.98001,70000,11.07,0,0,9,0,11,0,3,296556032,10.9
0,1,0,0,0,0,1,0,1,0,0,1,0,5000,164.02,70500,12.65,0,0,4,0,7,0,1,56679988,13.543038
1,1,0,0,0,0,1,0,1,0,0,1,0,13750,461.54001,36000,22.23,0,0,5,0,33,0,1,45594868,9.5
0,0,1,0,0,0,1,0,0,1,0,1,0,1750,59.060001,22000,24,0,2,13,0,14,0,2,4548067,10.652778
0,0,0,1,0,0,1,0,0,1,0,1,0,14400,450.57999,147000,16.75,0,0,10,0,16,0,10,248918496,7.9098592
0,0,0,0,0,1,1,0,0,1,0,1,0,9250,293.72,89000,2.4000001,0,0,2,0,6,0,2,55322960,7.4000001
0,1,0,0,0,0,1,0,0,0,1,1,0,24000,864.90002,80000,13.35,1,2,8,0,21,0,10,59920644,10.55
0,0,0,1,0,0,1,0,0,1,0,1,0,25000,854.20001,87500,4.4699998,0,7,7,0,27,0,7,24282620,6.9000001
0,1,0,0,0,0,1,0,0,0,1,1,0,21000,688.90997,150000,11.36,0,0,8,0,31,0,2,9921880,6.0017543
0,1,0,0,0,0,1,0,0,0,1,1,0,16000,551.90997,65000,11.94,0,0,13,0,25,0,4,148774512,11.310667
0,1,0,0,0,0,1,0,0,1,0,1,0,24250,882.66998,225000,9.6800003,1,0,11,0,14,0,1,1220193,8.8788729
0,1,0,0,0,0,1,0,1,0,0,1,0,9600,317.53,53000,18.18,0,0,9,0,18,0,7,53176464,8.1000004
0,0,0,1,0,0,1,0,0,1,0,1,0,12000,393.64999,85000,6.5799999,0,0,7,0,30,0,5,3781040,7.27
0,0,0,0,0,1,1,0,0,1,0,1,0,2000,69.300003,25200,14,0,2,3,0,14,0,8,32124352,11.063334
0,0,0,1,0,0,1,0,1,0,0,1,0,1800,61.52,47500,3.74,1,1,5,0,18,0,2,19131488,8.3849316
0,1,0,0,0,0,1,0,1,0,0,1,0,7125,244.66,35000,20.879999,0,0,9,1,22,1,4,54609720,5.5
0,1,0,0,0,0,1,0,0,0,1,1,0,13125,409.23999,106358,3.4000001,0,2,11,0,21,0,5,78595544,6.4721518
0,1,0,0,0,0,0,1,0,0,1,1,0,7500,159.36,106000,4.1100001,0,0,8,0,40,0,2,13558495,9.6999998
0,1,0,0,0,0,1,0,1,0,0,1,0,11500,377.26001,34000,12.71,0,0,6,0,9,0,10,8413240,6.8946428
1,1,0,0,0,0,1,0,0,0,1,1,0,9325,296.10001,28000,31.33,0,0,15,0,26,0,5,4259470,8.2799997
0,1,0,0,0,0,1,0,1,0,0,1,0,7200,224.37,35000,8.2600002,0,2,8,0,14,0,10,8714231,8.1190472
0,1,0,0,0,0,1,0,1,0,0,1,0,8125,282.89999,30100,22.879999,1,1,11,0,11,0,5,107875368,6.4864407
0,0,0,0,0,1,1,0,1,0,0,1,0,4000,131.89,95000,10.19,0,0,13,0,21,0,7,67048048,8.1000004
0,0,0,0,0,1,1,0,0,0,1,1,0,1000,35.540001,30000,12.86,0,1,3,0,5,0,3,4676430,12.290566
1,0,0,0,0,1,1,0,0,0,1,1,0,2000,68.449997,27000,33.509998,0,1,6,0,13,0,4,13582240,8.2345676
0,1,0,0,0,0,1,0,1,0,0,1,0,4800,155.75,56928,23.190001,0,0,9,0,25,0,3,932767936,12.5
0,1,0,0,0,0,1,0,1,0,0,1,0,6400,215.99001,65000,17.08,0,1,14,0,23,0,5,5286905,7.9608698
1,1,0,0,0,0,1,0,1,0,0,1,0,5750,194.05,20100,24.24,1,0,18,0,32,0,4,3884452,6.8000002
0,0,0,1,0,0,1,0,1,0,0,1,0,5000,162.23,61848,10.81,0,0,5,0,20,0,10,13076868,8
0,1,0,0,0,0,1,0,0,0,1,1,0,20000,683.46002,95000,9.0600004,2,0,8,0,18,0,6,31987548,8.0060606
1,1,0,0,0,0,1,0,0,1,0,1,0,28000,889.09003,110000,2.26,0,1,5,0,21,0,7,36428544,6.3225808
0,1,0,0,0,0,1,0,0,1,0,1,0,3400,105.78,24290.4,7.71,0,0,7,0,10,0,0,933474176,12.2
0,1,0,0,0,0,1,0,0,0,1,0,1,25975,945.46002,58500,24.76,0,4,15,0,53,0,5,1705605,6.6999998
0,1,0,0,0,0,1,0,0,0,1,1,0,28000,1021,115000,17.299999,0,0,9,0,15,0,3,187117616,9.1000004
0,1,0,0,0,0,1,0,1,0,0,1,0,20000,656.10999,145000,11.46,0,1,12,0,20,0,1,120346968,6.7800002
0,1,0,0,0,0,1,0,1,0,0,1,0,6000,198.89,36628.801,21.49,0,2,7,0,20,0,4,53932008,6.2164555
1,1,0,0,0,0,1,0,1,0,0,1,0,3000,99.5,24996,19.059999,0,0,10,0,11,0,2,8437415,13.586567
1,0,0,0,0,1,0,1,0,1,0,1,0,4500,110.52,27600,22.65,0,1,7,0,15,0,5,9830715,9.4507046
0,0,0,1,0,0,0,1,0,1,0,1,0,7000,151.33,53000,9.2600002,0,1,6,0,17,0,3,2658073,8.5857143
0,1,0,0,0,0,1,0,1,0,0,1,0,10000,345.37,44000,18.299999,0,1,10,0,14,0,6,293377632,7.5999999
0,1,0,0,0,0,1,0,1,0,0,1,0,5500,183,18400,19.110001,0,2,6,0,11,0,2,245552288,8.8704224
0,1,0,0,0,0,1,0,1,0,0,1,0,1250,46.009998,33000,12.07,0,0,4,0,5,0,3,17972150,7.5346937
0,1,0,0,0,0,1,0,1,0,0,1,0,24000,750.96997,85000,10.9,0,0,6,0,20,0,10,5083393,5.1700001
0,0,1,0,0,0,1,0,0,1,0,1,0,7500,230.28,50000,24.41,0,2,16,0,30,0,10,19577188,8.7333336
0,0,0,0,0,1,1,0,0,1,0,1,0,18000,571.56,65000,6.7600002,0,0,10,1,19,1,10,85666656,8
0,1,0,0,0,0,1,0,0,1,0,1,0,6600,221.53999,32500,13.51,0,1,9,1,14,0,6,4205522,11.777778
0,0,0,0,0,1,1,0,0,1,0,1,0,8000,260.59,36000,17.33,0,1,6,0,10,0,4,270155,3.8707693
0,1,0,0,0,0,1,0,1,0,0,1,0,13950,457.60999,70092,10.96,0,0,8,0,35,0,0,1514287,13.341305
0,1,0,0,0,0,1,0,1,0,0,1,0,12800,413.98999,100000,5.2199998,0,0,5,0,8,0,0,248792256,9.6999998
0,1,0,0,0,0,1,0,1,0,0,1,0,3000,95.32,42000,10.29,0,0,6,0,6,0,2,22695006,9.1645565
0,1,0,0,0,0,1,0,1,0,0,1,0,6050,192.11,30000,30.360001,0,0,6,0,10,0,1,69327040,8.7461538
0,0,1,0,0,0,0,1,0,0,1,1,0,9000,196.17999,45000,13.25,0,0,11,0,19,0,5,122398952,10.693828
0,0,0,1,0,0,1,0,1,0,0,1,0,1525,54.580002,46680,22.190001,0,2,26,0,49,0,3,4964837,8.4162502
0,1,0,0,0,0,1,0,1,0,0,0,1,4800,164.27,50000,13.1,0,0,13,0,28,0,4,7871864,13.4
1,1,0,0,0,0,1,0,0,0,1,1,0,18825,635.28998,53000,29.370001,0,0,16,0,30,0,10,94346744,8.0982141
1,1,0,0,0,0,1,0,1,0,0,1,0,10000,342.22,42000,8.71,0,0,12,0,21,0,10,61716912,10.5
0,0,0,0,0,1,1,0,1,0,0,1,0,5000,155.3,72000,14.22,0,0,7,0,14,0,6,28064464,12.466305
0,1,0,0,0,0,1,0,0,1,0,1,0,10100,351.66,55000,6.8699999,0,2,7,0,8,0,10,49467160,8.302597
0,1,0,0,0,0,1,0,1,0,0,1,0,15000,492.07999,68000,17.379999,0,1,6,0,21,0,6,1311832,6.1285715
0,1,0,0,0,0,1,0,1,0,0,1,0,11700,394.84,35000,14.17,2,1,11,0,16,0,2,706396,8.4730768
0,0,0,0,0,1,1,0,0,0,1,0,1,14825,516.16998,38000,20.809999,0,0,10,0,17,0,0,87111024,6.8000002
0,1,0,0,0,0,0,1,0,0,1,1,0,24250,469.76999,142500,16.41,0,0,14,0,24,0,3,212198848,11.1
0,1,0,0,0,0,1,0,1,0,0,1,0,6400,199.06,45000,14,0,0,7,0,9,0,6,921298,10.7
0,1,0,0,0,0,1,0,0,0,1,1,0,9450,329.03,45000,30.370001,0,0,16,0,40,0,3,248397,4.9285712
0,1,0,0,0,0,1,0,1,0,0,0,1,10000,337.47,51000,17.93,0,2,9,1,17,1,10,27329390,12.525
1,0,0,0,0,1,1,0,0,1,0,1,0,9200,307.42999,250000,1.61,0,0,7,0,13,0,3,7741356,8.8999996
0,1,0,0,0,0,1,0,1,0,0,0,1,6400,215.99001,141200,13.83,3,2,11,0,32,0,1,7903688,14.9
0,0,0,0,0,1,1,0,0,1,0,1,0,5000,154.7,77000,2.3399999,0,1,5,0,28,0,3,17606224,9.4153843
0,1,0,0,0,0,1,0,1,0,0,1,0,10000,307.04001,36000,10.57,0,0,8,0,12,0,1,69912976,8.6999998
0,1,0,0,0,0,1,0,0,1,0,1,0,6300,218.12,75000,6.0799999,0,0,2,0,8,0,6,933474176,12.2
0,1,0,0,0,0,1,0,0,0,1,1,0,8000,248.82001,45000,29.25,0,0,9,0,20,0,10,11136120,9.5
0,1,0,0,0,0,1,0,0,1,0,1,0,24000,750.96997,96100,14.53,0,0,9,1,16,1,6,12729914,7.8456788
0,0,0,1,0,0,1,0,0,0,1,1,0,25000,826.90002,100000,4.6100001,0,2,7,2,25,0,3,21084828,7.717073
0,1,0,0,0,0,1,0,0,0,1,1,0,10000,348.17999,42000,28.940001,0,3,12,0,22,0,6,1339281,5.1487179
0,0,0,1,0,0,1,0,1,0,0,1,0,14000,422.23999,70000,7.6599998,0,0,7,0,17,0,6,75858536,6.1599998
0,1,0,0,0,0,1,0,1,0,0,1,0,7000,236.23,95000,3.71,0,1,12,0,14,0,0,72250784,8.3000002
0,1,0,0,0,0,1,0,0,0,1,1,0,5000,169.66,114996,16.110001,1,1,5,0,27,0,7,294781312,12.2
0,0,0,0,0,1,1,0,0,1,0,1,0,10000,349.70001,48600,14.96,0,1,6,0,6,0,0,933474176,12.2
1,0,0,0,0,1,1,0,1,0,0,1,0,15000,482.32001,75000,22.4,0,2,10,0,20,0,10,78746080,6.8000002
0,1,0,0,0,0,1,0,1,0,0,1,0,15000,513.33002,65000,16.969999,0,0,5,0,9,0,3,23431414,7.3650794
0,1,0,0,0,0,1,0,0,0,1,1,0,25000,900.92999,75000,13.82,0,0,18,0,22,0,5,18062696,8.3000002
0,1,0,0,0,0,1,0,0,1,0,1,0,12000,393.67001,85000,9.0699997,0,0,9,0,16,0,0,298550688,9.6999998
0,1,0,0,0,0,1,0,0,0,1,1,0,13000,441.85999,130000,13.18,0,0,7,0,16,0,10,1233293,11.385916
0,1,0,0,0,0,1,0,1,0,0,1,0,13000,426.47,69400,11.83,0,0,12,0,35,0,1,277690176,7.0308509
0,1,0,0,0,0,1,0,0,1,0,1,0,10000,343.39001,39000,9.1400003,1,0,10,0,25,0,8,131929072,11.6
0,1,0,0,0,0,1,0,0,1,0,1,0,12000,404.97,54371,16.51,0,1,11,0,30,0,10,13582240,8.2345676
0,1,0,0,0,0,1,0,0,0,1,1,0,9750,348.92999,30000,30.68,0,1,9,0,21,0,6,380353408,7.5215054
0,0,0,0,0,1,0,1,1,0,0,1,0,10000,214.35001,90000,1.15,0,3,12,0,59,0,6,27961020,8.5279074
0,0,0,0,0,1,1,0,1,0,0,1,0,10300,317.98999,48852,2.5799999,0,0,13,0,37,0,4,212910464,9.3999996
0,1,0,0,0,0,1,0,1,0,0,1,0,10000,332.72,61000,12.04,1,0,9,1,24,1,10,1474289,9.2786884
0,1,0,0,0,0,1,0,1,0,0,0,1,10000,317.54001,65000,23.17,0,0,17,0,31,0,8,43885452,7.1999998
1,0,0,0,0,1,1,0,1,0,0,1,0,1000,39.040001,34000,17.719999,0,3,8,0,17,0,4,951503,10.038095
0,1,0,0,0,0,1,0,1,0,0,1,0,2500,87.650002,64000,18.559999,0,0,13,0,30,0,10,497584512,9.6999998
0,1,0,0,0,0,1,0,1,0,0,1,0,8125,282.89999,100000,13.46,0,0,12,0,31,0,3,51724432,6.762712
0,1,0,0,0,0,1,0,0,1,0,1,0,3300,106.73,15000,13.12,0,0,11,0,12,0,4,25392,4.9000001
0,1,0,0,0,0,1,0,1,0,0,1,0,1000,36.689999,30000,1.8,0,1,3,0,5,0,5,941391,9.953125
0,1,0,0,0,0,1,0,1,0,0,1,0,10750,336.38,32744,15.65,0,0,9,0,13,0,2,12268603,6.9047618
1,0,0,0,0,1,1,0,0,0,1,1,0,9000,288.85001,85004,7.1900001,0,1,9,0,28,0,5,95985272,8.9304352
0,1,0,0,0,0,1,0,1,0,0,1,0,5000,171.7,55000,2.5699999,0,2,5,0,5,0,1,14745780,6.5
0,1,0,0,0,0,1,0,0,0,1,1,0,24000,762.08002,115000,9.3699999,0,1,11,0,27,0,6,98852008,10.9
0,0,0,1,0,0,1,0,1,0,0,1,0,10800,364.47,105000,21.299999,0,1,17,0,31,0,10,28768306,11.13587
0,0,0,0,0,1,1,0,1,0,0,1,0,19000,621.96997,72000,11.68,0,1,13,0,29,0,3,65237704,7.8971829
0,1,0,0,0,0,1,0,0,0,1,1,0,8000,269.98001,55100,21.67,0,1,10,0,10,0,10,56905000,7.0743241
0,1,0,0,0,0,1,0,0,0,1,0,1,15000,529.51001,37000,5.0999999,0,4,10,0,30,0,10,30414522,9.0061731
0,1,0,0,0,0,1,0,1,0,0,1,0,6000,194.31,55840,16.33,0,3,17,0,29,0,6,35859984,7.6709676
0,1,0,0,0,0,1,0,1,0,0,1,0,12000,394.94,30000,10.32,0,0,9,0,18,0,5,1908066,11.442647
0,1,0,0,0,0,1,0,1,0,0,1,0,6500,234.25,134000,10.99,0,0,8,0,21,0,4,250530416,11.01383
0,0,0,0,0,1,1,0,1,0,0,1,0,10000,363.98999,65000,23.59,0,0,8,0,14,0,10,12920160,8.6656713
1,0,0,0,0,1,1,0,1,0,0,1,0,3700,121.95,76000,22.969999,0,0,7,0,25,0,4,324577568,5.4000001
0,1,0,0,0,0,1,0,1,0,0,1,0,14275,460.01999,78000,10.58,0,0,9,0,26,0,1,46594624,10.2
0,1,0,0,0,0,1,0,1,0,0,0,1,6625,230.67,28000,22.74,0,1,10,0,13,0,6,108639128,8.5190477
0,1,0,0,0,0,1,0,0,1,0,1,0,6000,207.17999,46000,19.540001,0,1,8,0,12,0,3,18909240,11.596341
0,1,0,0,0,0,1,0,0,1,0,1,0,15000,463.09,65000,11.5,0,0,5,0,20,0,6,20679550,11.483117
0,1,0,0,0,0,1,0,0,1,0,1,0,5000,155.50999,50000,9.8599997,0,0,8,0,13,0,1,35988788,6.8225808
0,1,0,0,0,0,1,0,1,0,0,0,1,18000,631.06,64500,14.47,0,0,14,0,40,0,2,17350730,7.0528302
0,1,0,0,0,0,1,0,1,0,0,1,0,6000,208.91,50000,19.299999,0,1,11,0,24,0,0,40445196,8.3000002
0,1,0,0,0,0,1,0,1,0,0,1,0,3825,137.85001,22000,12.47,0,1,12,0,16,0,1,131929072,11.6
0,1,0,0,0,0,1,0,0,0,1,1,0,22000,679.20001,160000,6.4400001,0,0,6,0,35,0,0,70976280,9.3888893
1,0,0,0,0,1,1,0,1,0,0,1,0,2400,82.010002,16800,7.9299998,0,0,4,0,4,0,3,239754672,11.814084
0,1,0,0,0,0,1,0,1,0,0,1,0,28000,889.09003,94000,20.620001,0,1,10,0,26,0,10,127320080,4.7728262
0,1,0,0,0,0,1,0,1,0,0,1,0,19725,665.65997,73138,27.610001,0,2,16,0,26,0,10,11918478,6.7021737
0,1,0,0,0,0,1,0,0,1,0,1,0,11000,354.48001,60000,15.28,0,1,6,0,17,0,10,29180506,9.3153849
0,0,0,0,0,1,1,0,0,0,1,1,0,3000,102.86,50000,3.4100001,0,0,4,0,6,0,4,239754672,11.814084
0,1,0,0,0,0,1,0,1,0,0,1,0,10000,323.42999,40000,23.280001,0,0,17,0,22,0,3,42520504,7.8914285
0,1,0,0,0,0,1,0,1,0,0,1,0,5000,156.46001,37000,8.4300003,0,0,7,1,10,1,6,2627042,7.9000001
0,1,0,0,0,0,1,0,0,0,1,1,0,14900,485.98001,52000,16.98,0,0,12,0,32,0,10,4091522,10.612281
0,1,0,0,0,0,0,1,0,1,0,1,0,6000,143.63,28632,6.8299999,0,0,6,0,7,0,3,49007128,9.6324673
0,1,0,0,0,0,1,0,1,0,0,1,0,12000,404.97,52000.031,20.790001,0,0,12,0,36,0,10,29647520,9.458025
1,0,0,0,0,1,0,1,1,0,0,1,0,6000,152.14,103000,7.0700002,1,6,5,0,10,0,4,17935472,8.1122446
0,1,0,0,0,0,1,0,1,0,0,1,0,5800,187.59,38000,23.59,0,0,11,0,34,0,10,43473340,7.8857141
1,1,0,0,0,0,1,0,0,0,1,0,1,13500,486.51001,50000,14.06,0,2,7,0,22,0,0,32674914,8.7236109
0,1,0,0,0,0,1,0,0,0,1,0,1,15500,566.21997,40000,33.459999,0,1,13,0,24,0,7,36294256,12.4
1,1,0,0,0,0,1,0,1,0,0,1,0,22000,724.04999,45000,14.27,0,0,11,0,32,0,5,181700672,9.7516127
0,1,0,0,0,0,1,0,0,1,0,1,0,2800,96.18,40000,21.629999,0,0,8,0,21,0,10,13458308,5.2492957
0,1,0,0,0,0,1,0,1,0,0,1,0,11000,334.79999,118000,9.6899996,0,0,9,0,29,0,0,12178854,8.5473118
0,1,0,0,0,0,1,0,1,0,0,1,0,4000,132.31,106000,5.6300001,1,0,12,0,44,0,10,8303844,9.2928572
1,1,0,0,0,0,1,0,0,1,0,1,0,9550,347.60999,60000,19.639999,0,3,15,1,30,1,0,3342360,6.7068968
0,1,0,0,0,0,1,0,0,0,1,1,0,21850,747.73999,55000,21.860001,0,0,5,0,18,0,8,50695316,6.6197677
1,1,0,0,0,0,1,0,1,0,0,1,0,4350,138.13,55000,16.6,0,0,10,0,21,0,2,939094080,10.9
1,1,0,0,0,0,1,0,0,0,1,1,0,15000,521.53003,54000,18.73,0,0,6,0,16,0,10,1024303808,12.79853
0,1,0,0,0,0,1,0,1,0,0,1,0,12000,412.06,80000,12.38,0,3,16,0,28,0,10,189343776,7.9000001
0,1,0,0,0,0,1,0,1,0,0,1,0,24000,787.33002,60840,8.9700003,5,0,18,0,28,0,2,53791056,6.8000002
0,0,0,0,0,1,1,0,0,0,1,1,0,29175,912.90002,59000,0.31,0,0,12,0,31,0,10,5687966,10.086154
0,1,0,0,0,0,1,0,1,0,0,1,0,3000,107.37,65000,18.040001,0,3,12,0,26,0,6,1911764,9.9147062
1,0,1,0,0,0,1,0,0,0,1,1,0,4500,146.78,63000,19.700001,0,3,14,0,28,0,7,36294256,12.4
0,1,0,0,0,0,1,0,1,0,0,1,0,9600,323.98001,50000,13.9,2,1,19,0,34,0,1,6077149,9.6393938
0,0,0,1,0,0,1,0,1,0,0,1,0,2500,83.18,110000,20.09,0,0,11,0,28,0,10,154478272,6.2966294
0,1,0,0,0,0,1,0,0,0,1,1,0,35000,1276.6,146000,14.91,0,1,14,0,49,0,5,201771824,10.3
0,0,0,1,0,0,1,0,1,0,0,1,0,2500,76.510002,66560,10.26,0,1,12,0,23,0,10,7409317,15.653247
0,0,0,1,0,0,1,0,0,1,0,1,0,3000,102.52,35760,0.67000002,1,1,6,0,8,0,0,22162892,7.5446811
0,0,0,0,0,1,1,0,1,0,0,0,1,10000,342.22,70000,15.27,0,1,5,1,18,1,8,36606416,11.7
0,0,0,1,0,0,1,0,1,0,0,1,0,4000,121.75,85000,20.879999,0,0,15,0,35,0,10,38619040,8.8012819
0,1,0,0,0,0,1,0,1,0,0,1,0,5525,159.91,70000,13.85,0,1,12,0,22,0,7,28054534,8.3552237
0,1,0,0,0,0,1,0,1,0,0,1,0,10000,309.39999,80000,15.54,0,3,10,0,38,0,10,141248608,9.9846153
1,1,0,0,0,0,1,0,0,1,0,1,0,12250,429.47,35800,21.92,0,0,8,0,14,0,2,4401400,5.6999998
0,0,1,0,0,0,1,0,1,0,0,1,0,4200,143.38,19000,23.049999,0,1,5,0,5,0,2,28736218,14.211111
0,1,0,0,0,0,1,0,0,0,1,1,0,7000,229.64,45000,26.08,0,0,10,0,17,0,0,131929072,11.6
0,1,0,0,0,0,1,0,1,0,0,1,0,13200,445.45999,135000,12.46,0,1,18,0,45,0,10,3788604,8.1170216
0,0,0,0,0,1,1,0,1,0,0,1,0,1500,51.580002,60000,20,0,2,5,0,27,0,7,36943744,7.3870969
0,1,0,0,0,0,1,0,1,0,0,1,0,12000,368.45001,70000,28.58,0,0,12,0,26,0,10,7596300,10.619047
1,0,0,0,0,1,1,0,0,1,0,1,0,8000,278.23001,52500,9.5100002,0,3,9,1,17,1,2,73670232,9.9485712
1,1,0,0,0,0,1,0,0,0,1,1,0,15350,510.72,60000,23.74,0,0,22,0,34,0,10,94346744,8.0982141
1,1,0,0,0,0,1,0,1,0,0,0,1,9250,293.72,44000,14.59,0,1,10,0,20,0,2,1802069,9.1000004
0,1,0,0,0,0,1,0,0,1,0,0,1,6000,194.06,60000,18.4,6,0,17,0,34,0,10,3857984,8.1000004
0,1,0,0,0,0,1,0,1,0,0,1,0,6000,199.63,40000,22.26,1,0,11,0,16,0,2,6210073,8.2983875
0,1,0,0,0,0,1,0,1,0,0,1,0,25000,779.03998,85000,17.33,0,0,18,0,26,0,7,658237632,10.727397
0,1,0,0,0,0,1,0,1,0,0,1,0,10800,331.60001,45000,25.25,0,3,16,0,46,0,0,25901334,8.3936167
0,1,0,0,0,0,1,0,1,0,0,1,0,16425,600.01001,37000,20.790001,0,1,11,0,29,0,7,68276672,7.6999998
0,1,0,0,0,0,1,0,1,0,0,1,0,7000,231.53999,64000,13.13,0,0,7,1,11,1,7,1489218,11.218033
0,1,0,0,0,0,1,0,1,0,0,1,0,15000,495.20999,120000,14.65,1,0,10,0,31,0,10,478150,8.5
0,0,1,0,0,0,1,0,0,0,1,1,0,12600,382.12,140000,2.01,0,0,8,0,32,0,10,28691248,12.234568
0,1,0,0,0,0,1,0,1,0,0,1,0,3700,130.00999,40000,14.34,0,2,6,0,12,0,1,21081696,7.9428573
0,1,0,0,0,0,1,0,0,0,1,0,1,30000,1030.15,90000,22.610001,2,1,11,2,22,1,8,8812827,8.1000004
0,1,0,0,0,0,1,0,0,1,0,1,0,6800,235.2,60000,9.2200003,1,4,8,0,16,0,1,15581512,6.3692307
0,1,0,0,0,0,0,1,1,0,0,1,0,8000,191.17,60000,16.139999,0,0,4,0,16,0,2,71383200,8.6000004
1,1,0,0,0,0,1,0,1,0,0,1,0,16000,539.91998,80000,12.73,0,1,6,0,14,0,3,61007884,12.6
0,0,1,0,0,0,1,0,1,0,0,1,0,12000,429.45001,72000,12.78,0,3,10,0,24,0,10,30879702,8.6999998
0,1,0,0,0,0,1,0,0,1,0,1,0,14000,465.81,230000,23.440001,1,3,23,1,47,0,7,28498932,8.3999996
0,0,0,1,0,0,1,0,1,0,0,1,0,11200,340.88,59000,0.85000002,0,0,9,0,23,0,0,108737208,10.9
0,0,0,0,0,1,1,0,1,0,0,1,0,2000,62.57,90000,0.43000001,0,1,9,0,13,0,0,49162064,8.6000004
0,1,0,0,0,0,1,0,0,0,1,1,0,5575,174.45,21500,33.32,0,0,7,0,14,0,10,1133496,6.5653062
0,0,0,1,0,0,1,0,1,0,0,1,0,5000,178.94,55000,5.9299998,0,1,6,0,9,0,2,29647520,9.458025
0,0,1,0,0,0,1,0,0,0,1,1,0,12000,412.06,42000,24.540001,0,2,15,0,42,0,10,5579369,10.5
0,1,0,0,0,0,1,0,0,0,1,1,0,9250,312.16,28000,22.889999,0,0,11,0,16,0,0,7434724,12.176623
0,1,0,0,0,0,1,0,1,0,0,1,0,10000,317.54001,46000,4.6700001,0,0,5,0,9,0,5,272736448,7.6765957
0,0,0,1,0,0,1,0,1,0,0,1,0,7000,253.03999,60000,4.98,0,1,7,0,18,0,6,3734887,9.0969696
0,1,0,0,0,0,1,0,1,0,0,1,0,8000,282.41,72000,5.0999999,1,1,12,0,20,0,1,51554764,8.2894735
0,0,1,0,0,0,0,1,0,0,1,1,0,6400,154.17999,84996,22.83,0,1,8,0,50,0,7,798077,8.8794117
0,1,0,0,0,0,1,0,0,0,1,1,0,15000,502.60001,165000,8.1199999,0,3,14,0,34,0,3,672399,13
1,1,0,0,0,0,1,0,1,0,0,1,0,6625,238.75,35000,22.629999,0,1,8,0,10,0,2,40445196,8.3000002
0,0,0,0,0,1,1,0,1,0,0,1,0,12000,365.23001,65000,15.8,0,0,8,0,40,0,10,2032298,9.694231
0,1,0,0,0,0,1,0,0,0,1,1,0,19600,610.77002,90000,24.190001,0,2,13,0,25,0,3,7840428,7.9000001
0,1,0,0,0,0,1,0,1,0,0,1,0,20000,635.07001,170000,11.99,0,1,6,0,21,0,10,34715648,5.6836362
0,1,0,0,0,0,1,0,0,0,1,1,0,35000,1218.61,120000,27.780001,0,1,17,0,37,0,10,8114177,7.9626865
0,1,0,0,0,0,1,0,1,0,0,1,0,13000,439.47,65004,22.02,0,1,10,0,24,0,0,39974444,7.8112359
0,1,0,0,0,0,1,0,1,0,0,1,0,6000,205.33,34000,22.870001,0,1,7,0,10,0,2,50726312,9.0295773
0,1,0,0,0,0,1,0,0,1,0,1,0,14400,462.09,64000,7.5599999,0,0,15,0,36,0,10,98260440,12.2
0,0,0,1,0,0,1,0,1,0,0,1,0,10000,311.01999,96000,5.4699998,0,0,7,1,12,1,1,13763138,11.690625
0,1,0,0,0,0,0,1,0,0,1,1,0,6000,129.71001,30000,1.8,0,2,5,0,6,0,6,49776012,8.3406973
0,0,0,0,0,1,1,0,1,0,0,1,0,2200,66.919998,14400,11,0,0,7,0,20,0,4,8303844,9.2928572
1,0,0,0,0,1,1,0,0,0,1,1,0,3375,117.51,40829,2.97,0,1,7,0,10,0,8,198455984,11.348148
0,1,0,0,0,0,1,0,1,0,0,1,0,12000,391.39001,39996,21.24,1,0,8,0,14,0,1,35988788,6.8225808
0,1,0,0,0,0,0,1,0,0,1,1,0,20500,487.26999,30000,10.76,0,0,2,0,9,0,2,284739680,12.5
1,0,0,0,0,1,1,0,0,0,1,1,0,14675,552.89001,37000,27.6,0,1,6,0,16,0,7,101025464,14.768056
0,1,0,0,0,0,1,0,1,0,0,1,0,12000,388.10999,46000,26.34,0,0,20,0,40,0,10,29647520,9.458025
0,1,0,0,0,0,1,0,1,0,0,1,0,15000,545.98999,71614.102,13.68,0,1,12,0,14,0,3,285885,8.3999996
0,0,0,1,0,0,1,0,1,0,0,0,1,10950,364.32999,75000,8.3699999,1,0,6,0,20,0,10,52592216,8.1853333
0,0,0,0,0,1,1,0,1,0,0,1,0,10075,330.51999,85000,16.66,0,1,5,0,20,0,7,624004,8.2846155
0,1,0,0,0,0,1,0,0,0,1,1,0,15000,522.70001,123000,6.52,0,0,11,0,16,0,5,366361504,9.9311829
0,1,0,0,0,0,1,0,1,0,0,1,0,22000,669.59003,114000,14.98,0,0,14,0,28,0,7,272417,4.6415386
0,1,0,0,0,0,1,0,1,0,0,1,0,10000,350.59,34000,18.879999,0,0,10,1,17,1,6,3629338,8.7444448
1,1,0,0,0,0,1,0,0,1,0,1,0,15250,523.65997,49000,20.99,1,0,15,0,34,0,0,3806983,5.8049998
0,0,1,0,0,0,1,0,1,0,0,1,0,2000,60.880001,39216,11.57,0,0,6,0,13,0,6,101025464,14.768056
0,0,0,0,0,1,1,0,1,0,0,1,0,6000,185.64,90000,9.1999998,0,3,11,0,24,0,7,18909240,11.596341
0,1,0,0,0,0,1,0,0,1,0,1,0,15000,499.07999,34403.879,17.32,0,0,7,0,19,0,3,2917208,6.0386362
0,1,0,0,0,0,1,0,1,0,0,1,0,9750,319.85001,29000,23.790001,0,1,11,0,22,0,10,3521231,10.94
0,1,0,0,0,0,1,0,0,1,0,1,0,6400,215.99001,38000,20.209999,0,2,8,0,11,0,2,18062696,8.3000002
0,1,0,0,0,0,1,0,0,0,1,1,0,16000,536.71997,34320,17.309999,0,0,10,0,17,0,5,10877413,7.6813335
0,0,0,0,0,1,1,0,0,0,1,1,0,11800,392.60999,53000,12.27,0,0,11,0,24,0,10,939094080,10.9
0,1,0,0,0,0,1,0,0,0,1,1,0,4125,133.09,60000,20.32,0,2,19,0,48,0,6,29184840,12.272093
0,1,0,0,0,0,1,0,0,0,1,1,0,15000,506.20999,60000,33.200001,0,1,12,1,30,1,3,21603478,8.0500002
0,1,0,0,0,0,1,0,1,0,0,1,0,9000,299.45001,37050,22.93,0,2,20,0,46,0,7,78746080,6.8000002
0,1,0,0,0,0,0,1,1,0,0,1,0,9000,221.03,36000,18.129999,1,1,12,0,26,0,2,28691248,12.234568
1,1,0,0,0,0,0,1,0,0,1,1,0,20000,315.04999,60000,15.84,0,0,13,0,42,0,0,2658073,8.5857143
0,0,0,1,0,0,1,0,0,1,0,1,0,10500,349.35999,55000,1.3099999,0,1,5,0,13,0,10,375538176,8.9881716
0,0,0,0,0,1,1,0,1,0,0,1,0,8000,249.3,69500,12.88,0,4,14,0,31,0,10,6003737,10.92
0,1,0,0,0,0,1,0,1,0,0,1,0,16800,605.42999,74800,12.08,0,0,9,0,10,0,1,7133742,3.5
0,1,0,0,0,0,1,0,0,0,1,1,0,16000,564.81,42800,17.379999,0,1,7,0,16,0,10,13582240,8.2345676
0,1,0,0,0,0,1,0,0,0,1,1,0,35000,1278.55,153605,12.14,0,0,15,0,29,0,10,35665168,8.8000002
0,1,0,0,0,0,1,0,1,0,0,1,0,20000,674.90002,125000,11.65,0,0,20,0,32,0,7,370123808,11.068817
0,0,0,0,0,1,1,0,1,0,0,1,0,5600,177.02,56000,18.059999,0,0,9,0,25,0,4,1411255,12.8
0,1,0,0,0,0,1,0,1,0,0,0,1,2000,68.449997,56000,21.040001,0,3,9,0,16,0,10,51216160,4.469697
0,1,0,0,0,0,1,0,1,0,0,1,0,12000,399.26001,100000,16.860001,0,0,10,0,16,0,6,1313613,6.9854169
0,1,0,0,0,0,1,0,1,0,0,1,0,4000,130.47,27000,21.559999,0,0,9,0,17,0,2,55576424,7.1865673
0,0,0,0,0,1,1,0,1,0,0,1,0,2300,76.529999,157000,3.97,1,0,8,0,20,0,5,252598800,9.2851067
0,1,0,0,0,0,1,0,0,1,0,1,0,10000,307.04001,59000,15.23,0,1,6,0,27,0,10,10120030,8.9494505
0,1,0,0,0,0,1,0,1,0,0,1,0,14000,469.63,62000,14.73,0,2,8,0,20,0,10,294781312,12.2
0,0,0,0,0,1,1,0,1,0,0,1,0,8800,284.62,52000,6.7199998,0,1,3,0,4,0,8,13582240,8.2345676
0,1,0,0,0,0,1,0,0,1,0,1,0,20000,665.44,65000,18.68,0,0,13,0,30,0,10,84155184,15.11875
0,1,0,0,0,0,1,0,1,0,0,1,0,7000,244.78999,60000,20.639999,0,0,7,0,22,0,3,38073376,7.6999998
0,1,0,0,0,0,1,0,0,0,1,0,1,9600,319.41,79000,11.85,0,0,6,1,12,1,5,51542308,7.6315789
0,0,0,1,0,0,1,0,0,1,0,1,0,8000,291.19,212000,13.97,0,3,21,0,33,0,6,95179352,16.303333
0,1,0,0,0,0,1,0,0,1,0,0,1,12000,388.10999,100255.07,18.09,0,3,13,0,26,0,10,2216850,8.6999998
0,1,0,0,0,0,1,0,0,1,0,1,0,12000,396.92001,50000,8.1099997,0,0,7,0,25,0,2,654296064,12.008219
0,0,0,1,0,0,1,0,1,0,0,1,0,6000,190.63,32560,11.24,0,1,10,1,27,1,8,4167013,9.6470585
0,0,0,0,0,1,0,1,0,1,0,1,0,4500,90.989998,1080000,0.56999999,0,0,7,0,20,0,8,8157917,9.6552238
0,0,0,1,0,0,1,0,1,0,0,1,0,10800,325.73001,117000,10.94,0,0,16,0,41,0,10,22265456,11.035556
0,0,0,0,0,1,1,0,1,0,0,1,0,13000,456.73001,43200,2.3900001,3,0,5,0,27,0,6,49776012,8.3406973
0,1,0,0,0,0,1,0,1,0,0,1,0,10000,337.47,52000,19.110001,0,0,10,0,22,0,10,34502092,9.0511627
0,1,0,0,0,0,1,0,0,1,0,1,0,20000,635.07001,226000,10.86,0,0,11,0,24,0,10,23041206,8.7148151
0,1,0,0,0,0,1,0,0,1,0,1,0,20000,665.44,77415,19.41,0,0,12,0,30,0,5,1210019,11.118182
0,0,0,0,0,1,1,0,1,0,0,1,0,6000,197.47,56004,20.57,0,0,10,0,24,0,1,6332626,10.830986
0,1,0,0,0,0,1,0,0,0,1,1,0,12000,410.66,250000,10.21,0,2,17,0,30,0,4,7903688,14.9
0,1,0,0,0,0,1,0,0,1,0,1,0,8500,290.89001,35717,9.9099998,0,0,6,0,7,0,10,7871864,13.4
0,1,0,0,0,0,0,1,0,1,0,1,0,16000,364.54999,105000,7.54,0,0,9,0,34,0,2,101640256,7.8000002
0,1,0,0,0,0,1,0,1,0,0,1,0,16000,582.38,78000,11.58,0,2,18,0,39,0,10,7558732,7.1999998
0,1,0,0,0,0,1,0,1,0,0,1,0,5000,174.09,60000,13.64,1,1,10,0,20,0,7,133627864,9.8999996
0,0,0,1,0,0,1,0,1,0,0,1,0,5000,153.85001,75000,2.3199999,0,0,14,0,39,0,10,141248608,9.9846153
0,0,0,0,0,1,1,0,1,0,0,1,0,5000,170.84,60000,19.540001,0,0,8,0,14,0,4,203991376,9.2431822
0,1,0,0,0,0,1,0,0,0,1,1,0,15000,526.98999,71496,5.4200001,0,0,8,0,24,0,5,29106534,13.030232
0,1,0,0,0,0,1,0,1,0,0,1,0,8000,260.92999,38000,22.549999,0,0,9,0,25,0,1,22190028,8.2340908
1,1,0,0,0,0,1,0,0,0,1,1,0,32000,1160.9,132000,17.190001,0,0,15,0,30,0,3,9891974,6.563158
0,0,1,0,0,0,0,1,0,1,0,1,0,5600,128.08,36500,0.41,1,3,19,0,20,0,0,4450606,8.8645163
0,0,0,0,0,1,1,0,0,1,0,1,0,5000,154.37,70000,4.8000002,1,0,14,0,50,0,10,5559233,9.6757574
0,1,0,0,0,0,1,0,1,0,0,1,0,5650,187.99001,75000,3.98,0,1,6,0,8,0,5,4167630,8.1000004
0,1,0,0,0,0,1,0,1,0,0,1,0,15000,499.07999,75000,11.65,1,0,8,0,28,0,0,157263840,5.8011236
0,1,0,0,0,0,1,0,0,0,1,1,0,11100,400.01999,33000,33.240002,0,1,13,0,21,0,0,267784144,10.017647
0,1,0,0,0,0,1,0,0,0,1,1,0,15000,486.62,60000,15.46,0,1,10,0,28,0,0,28689066,12.746739
1,1,0,0,0,0,1,0,0,1,0,1,0,10150,353.20001,37000,20.27,0,1,12,0,22,0,0,209631408,5.6597939
0,1,0,0,0,0,1,0,1,0,0,0,1,8600,286.14001,60000,18.219999,1,0,13,0,28,0,10,6599556,7.4607844
1,1,0,0,0,0,1,0,0,0,1,1,0,4000,137.36,32000,23.129999,0,1,24,0,31,0,8,44638456,13.601923
0,1,0,0,0,0,1,0,1,0,0,1,0,15000,506.20999,41000,21.780001,0,0,6,0,12,0,6,2437701,5.0155554
0,1,0,0,0,0,0,1,0,0,1,1,0,7200,166.78999,48000,22.59,0,2,10,0,13,0,3,19460436,9.7586203
0,0,0,0,0,1,1,0,0,0,1,1,0,5375,189.74001,19000,22.99,2,3,6,0,22,0,2,56877764,11.198305
0,1,0,0,0,0,1,0,0,0,1,1,0,23850,859.48999,75000,15.44,0,0,7,0,12,0,5,31822164,9.5754719
0,1,0,0,0,0,1,0,0,0,1,1,0,7500,195.61,41000,12.38,0,3,11,0,14,0,4,3906831,6.8508773
0,1,0,0,0,0,1,0,1,0,0,1,0,10000,337.47,35000,22.969999,0,0,6,0,15,0,6,28296828,7.0639534
0,1,0,0,0,0,1,0,0,0,1,1,0,16000,562.20001,162000,19.68,0,1,10,0,21,0,10,45991224,7.3337665
0,1,0,0,0,0,1,0,1,0,0,1,0,5000,173.24001,90000,23.360001,0,2,8,0,26,0,4,71383200,8.6000004
0,1,0,0,0,0,1,0,0,0,1,1,0,25375,839.31,67000,9.4799995,0,0,12,0,24,0,10,275719808,4.9759035
0,0,0,0,0,1,1,0,0,1,0,1,0,3600,127.09,45000,22.049999,0,0,6,0,22,0,6,70976280,9.3888893
0,0,1,0,0,0,0,1,0,0,1,1,0,8000,158.94,70500,18.860001,0,3,8,0,11,0,2,3170574,7.6999998
1,1,0,0,0,0,1,0,1,0,0,1,0,10000,337.47,49000,14.87,1,0,14,0,39,0,2,21982684,8.2547617
0,0,0,0,0,1,1,0,1,0,0,0,1,8000,262.45001,35000,20.540001,1,1,10,0,19,0,5,272736448,7.6765957
0,1,0,0,0,0,1,0,0,0,1,1,0,29175,1001.82,65000,23.719999,1,0,8,0,24,0,10,19331672,7.4535213
0,1,0,0,0,0,1,0,0,1,0,1,0,12500,380.45001,200000,7.9299998,0,0,18,0,34,0,5,22903936,9.874074
1,1,0,0,0,0,1,0,1,0,0,1,0,4200,143.92,33000,9.1999998,1,1,9,1,17,1,10,195418784,8.0462961
0,1,0,0,0,0,1,0,1,0,0,1,0,13275,466.45001,89500,18.58,1,1,12,0,30,0,10,4725860,5.9981818
1,1,0,0,0,0,1,0,0,0,1,1,0,30000,1051.76,75000,18.58,1,1,11,0,21,0,10,10297896,9.3999996
0,0,0,0,0,1,1,0,1,0,0,1,0,3025,97.269997,15996,1.73,0,1,2,0,2,0,2,22036508,6.9113636
1,1,0,0,0,0,1,0,0,0,1,0,1,10000,337.47,45000,22.48,0,0,10,0,22,0,4,4167630,8.1000004
1,1,0,0,0,0,1,0,0,1,0,0,1,10000,328.06,78500,12.76,0,0,9,0,34,0,10,15235600,7.0999999
0,1,0,0,0,0,1,0,1,0,0,1,0,14400,481.17999,59488,12.69,0,0,9,0,17,0,7,204005744,9.1000004
0,1,0,0,0,0,1,0,1,0,0,1,0,7000,239.66,71000,6.2399998,0,3,11,0,22,0,5,18787796,6.2459769
0,1,0,0,0,0,1,0,1,0,0,1,0,4500,142.03999,55000,2.3099999,0,1,13,0,28,0,4,35988788,6.8225808
0,1,0,0,0,0,1,0,0,0,1,1,0,8325,259,26900,25.200001,0,0,8,0,8,0,1,21081696,7.9428573
0,1,0,0,0,0,1,0,0,1,0,1,0,8600,261.75,53724,13.89,0,0,8,0,14,0,7,248322864,12.447872
0,1,0,0,0,0,1,0,1,0,0,1,0,2800,106.2,117000,25.07,0,0,25,0,35,0,10,4167630,8.1000004
0,1,0,0,0,0,1,0,0,1,0,1,0,7675,238.78,26400,26.049999,0,0,10,0,18,0,1,4808096,6.1999998
1,1,0,0,0,0,1,0,1,0,0,1,0,12000,386.70001,120000,15.69,0,2,15,0,32,0,4,36897824,4.6846156
0,1,0,0,0,0,1,0,1,0,0,1,0,19200,687.12,65000,22.76,0,0,11,0,14,0,1,28054534,8.3552237
0,1,0,0,0,0,1,0,0,0,1,1,0,15000,483.38,58000,24.41,0,1,8,0,16,0,2,14548815,7.3000002
0,0,0,1,0,0,1,0,0,1,0,1,0,7000,215.38,52800,11.66,0,2,7,0,16,0,10,764280,9.6000004
0,1,0,0,0,0,1,0,0,1,0,1,0,10000,343.09,45000,19.709999,1,0,9,0,19,0,10,18968530,9.6439028
0,1,0,0,0,0,1,0,0,1,0,1,0,7200,241.53,18000,16.870001,0,0,5,0,11,0,4,72160832,8.0377779
0,0,0,1,0,0,1,0,0,0,1,1,0,26500,825.78003,60000,13.2,0,0,8,0,14,0,10,78746080,6.8000002
0,1,0,0,0,0,1,0,0,0,1,1,0,5000,175.3,38000,15.16,0,1,12,0,45,0,0,3872388,6.0799999
0,0,0,1,0,0,1,0,0,1,0,1,0,4000,151.71001,30000,25.16,0,0,8,0,15,0,10,1958405,5.9236364
0,1,0,0,0,0,1,0,0,1,0,1,0,12000,423.60999,75000,14.18,0,3,8,0,11,0,2,81025504,5.5822783
0,0,0,1,0,0,1,0,0,1,0,1,0,4000,152.73,30000,22.959999,0,0,7,0,18,0,7,64467160,6.8171873
0,1,0,0,0,0,1,0,0,1,0,1,0,15000,456.54001,100000,11.88,0,0,9,0,24,0,0,189343776,7.9000001
1,1,0,0,0,0,0,1,0,0,1,1,0,7500,172,62000,20.25,0,2,13,0,28,0,1,17935472,8.1122446
0,1,0,0,0,0,1,0,0,1,0,1,0,6000,186.61,50000,6.96,0,0,5,0,6,0,0,187117616,9.1000004
0,1,0,0,0,0,1,0,1,0,0,1,0,8875,317.62,34000,20.51,0,2,10,0,13,0,3,7408750,13.994805
0,1,0,0,0,0,1,0,1,0,0,1,0,7000,222.28,52000,23.860001,0,0,12,0,23,0,2,8114177,7.9626865
0,1,0,0,0,0,1,0,0,0,1,1,0,15000,512.59998,38000,22.040001,0,1,14,0,30,0,3,3591629,7.9883723
0,1,0,0,0,0,1,0,1,0,0,1,0,13000,418.01999,44000,22.17,0,0,8,0,22,0,5,5521384,7.1083331
0,1,0,0,0,0,1,0,0,1,0,1,0,8000,259.57001,120000,2.02,0,0,7,0,11,0,1,101495872,8.6000004
0,1,0,0,0,0,1,0,0,1,0,1,0,10000,332.72,60000,5.9499998,0,0,5,0,10,0,4,206051696,8.0784092
0,1,0,0,0,0,1,0,1,0,0,1,0,6000,199.63,37000,13.59,0,2,6,1,6,0,8,627471,5.0857143
0,0,0,0,0,1,1,0,0,1,0,1,0,1000,30.33,30000,2.1199999,0,0,8,0,12,0,1,12080366,7.4499998
0,1,0,0,0,0,1,0,1,0,0,1,0,10000,315.63,62000,6.54,0,0,10,0,13,0,10,49399016,9.627059
0,0,0,1,0,0,1,0,0,1,0,1,0,2000,64.690002,107000,12.28,0,0,10,0,22,0,10,38949156,6.3439999
1,1,0,0,0,0,1,0,0,0,1,1,0,15600,530.67999,50000,31.540001,0,0,16,0,41,0,10,9259749,5.6235957
0,1,0,0,0,0,1,0,0,0,1,1,0,35000,1273.96,85000,32.290001,1,0,15,0,54,0,8,31987548,8.0060606
0,1,0,0,0,0,1,0,1,0,0,1,0,10000,328.06,85000,7.0300002,0,0,12,0,28,0,10,2816870,10.6
0,1,0,0,0,0,1,0,1,0,0,0,1,15000,476.29999,82744,21.5,0,0,15,0,25,0,10,3199048,12.535185
0,0,0,1,0,0,1,0,1,0,0,1,0,5000,156.41,48000,0.40000001,0,1,8,0,19,0,8,43090964,8.3999996
0,1,0,0,0,0,1,0,1,0,0,1,0,15000,499.07999,120000,10.28,0,0,8,0,21,0,10,266776752,9.1000004
1,1,0,0,0,0,1,0,0,0,1,1,0,21250,745,54600,9.4499998,0,1,7,0,18,0,2,204005744,9.1000004
0,1,0,0,0,0,1,0,0,0,1,1,0,28000,872.52002,97500,29.290001,0,0,13,0,31,0,7,3949884,8.4214287
0,1,0,0,0,0,1,0,0,0,1,1,0,35000,1235.52,150000,22.15,0,6,10,0,40,0,3,17302870,7.0530305
0,1,0,0,0,0,1,0,0,1,0,1,0,17600,598.71002,48000,19.23,0,0,6,0,11,0,10,28296828,7.0639534
0,1,0,0,0,0,1,0,1,0,0,1,0,12000,420.70999,55700,15.32,0,2,12,1,20,1,2,77815424,4.6342859
0,1,0,0,0,0,1,0,1,0,0,1,0,4000,140.24001,42000,6.0799999,0,1,6,0,6,0,8,7903688,14.9
0,1,0,0,0,0,1,0,0,0,1,1,0,24000,858.90002,130000,17.58,0,1,13,1,15,1,10,945410560,9.6999998
0,1,0,0,0,0,1,0,0,1,0,1,0,12000,410.07999,72000,10.25,1,2,21,0,52,0,8,70976280,9.3888893
0,1,0,0,0,0,1,0,0,0,1,1,0,20000,674.94,74686.422,17.950001,0,0,13,0,24,0,4,6210073,8.2983875
0,1,0,0,0,0,1,0,1,0,0,1,0,10000,348.17999,70000,12.1,1,3,13,0,38,0,10,5175152,4.6133332
0,1,0,0,0,0,1,0,0,0,1,1,0,7125,240.45,56500,28.33,0,2,11,0,20,0,8,94456360,7.1482143
0,1,0,0,0,0,1,0,0,0,1,1,0,35000,1201.84,198000,21.309999,0,0,26,0,39,0,10,127624224,7.6545453
0,1,0,0,0,0,1,0,0,0,1,1,0,23200,725.94,65000,27.99,0,0,10,0,34,0,3,77011944,9.7191181
0,1,0,0,0,0,1,0,0,1,0,1,0,16000,572.59998,120000,7.5599999,0,3,10,0,12,0,4,218171024,8.3000002
0,0,0,1,0,0,1,0,0,1,0,1,0,30000,938.71002,350000,1.21,0,0,8,0,10,0,0,375538176,8.9881716
0,1,0,0,0,0,1,0,1,0,0,1,0,20000,656.10999,102000,14.06,1,0,10,0,43,0,10,55322960,7.4000001
0,1,0,0,0,0,1,0,0,1,0,1,0,9600,334.25,46000,14.25,0,2,6,0,20,0,10,11153835,9.6207314
0,1,0,0,0,0,1,0,0,0,1,1,0,20000,625.81,124800,1.3,0,0,5,0,22,0,1,7596300,10.619047
0,1,0,0,0,0,1,0,0,0,1,1,0,10000,317.54001,77000,9.7200003,0,0,9,0,25,0,2,125542000,9.1000004
0,1,0,0,0,0,1,0,1,0,0,1,0,6000,180.96001,59600,18.299999,0,1,14,0,39,0,10,371155296,10.4
0,1,0,0,0,0,0,1,0,1,0,1,0,30000,790.48999,95000,21.6,0,0,14,0,30,0,1,70976280,9.3888893
0,1,0,0,0,0,1,0,0,1,0,0,1,26500,881.70001,78000,20.27,0,3,18,0,36,0,3,2677778,7.534524
0,0,0,1,0,0,1,0,1,0,0,1,0,12000,413.94,85000,13.86,0,1,11,0,22,0,6,102868224,8
0,1,0,0,0,0,1,0,1,0,0,1,0,10000,342.22,92000,11.75,0,1,20,0,35,0,10,272284896,10.416129
1,0,0,1,0,0,1,0,1,0,0,1,0,6000,157.55,42450,23.889999,0,12,15,0,19,0,1,870660,4.6999998
0,0,0,0,0,1,1,0,0,0,1,1,0,12000,370.09,75000,24.93,0,0,10,0,30,0,8,49981640,7.3406978
0,1,0,0,0,0,1,0,0,1,0,1,0,5500,174.64999,35000,28.9,0,0,10,0,30,0,7,67417232,8.5014706
0,1,0,0,0,0,1,0,0,1,0,1,0,3000,98.379997,55000,21.58,0,2,8,0,19,0,4,53176464,8.1000004
0,1,0,0,0,0,1,0,0,1,0,1,0,15000,506.20999,40000,16.290001,0,0,6,0,12,0,1,64467160,6.8171873
0,0,0,0,0,1,1,0,1,0,0,1,0,25000,874.65997,65000,13.88,0,1,6,0,13,0,1,56679988,13.543038
0,1,0,0,0,0,1,0,1,0,0,1,0,8200,299.54999,42500,7.52,0,0,5,0,6,0,1,22162892,7.5446811
0,1,0,0,0,0,1,0,0,1,0,1,0,10800,386.51001,35580,16.809999,0,0,7,0,8,0,0,5657133,9.6424246
0,1,0,0,0,0,1,0,1,0,0,1,0,9500,301.66,55952,6.1300001,0,0,11,0,22,0,10,204005744,9.1000004
0,1,0,0,0,0,1,0,0,0,1,0,1,6975,235.39,26000,27.74,0,0,8,0,12,0,1,73328608,7.0833335
0,1,0,0,0,0,1,0,0,1,0,1,0,3625,120.61,24000,14,0,1,5,0,7,0,0,1485548,10.52623
0,1,0,0,0,0,1,0,0,1,0,1,0,6000,220.61,48000,19.57,1,1,6,0,13,0,0,34502092,9.0511627
0,1,0,0,0,0,1,0,1,0,0,1,0,6000,182.62,60000,13.22,0,0,9,0,24,0,4,189343776,7.9000001
0,1,0,0,0,0,1,0,0,0,1,1,0,20000,388.91,60000,24.48,0,0,16,0,39,0,10,27854968,7.9679012
1,1,0,0,0,0,1,0,0,1,0,1,0,10000,350.64001,32000,9.71,0,1,6,0,6,0,3,4612862,7.0338235
0,1,0,0,0,0,1,0,1,0,0,1,0,3500,117.28,42500,13.33,0,1,4,0,6,0,2,1492403,10.134426
0,0,0,1,0,0,1,0,0,0,1,1,0,6000,199.63,117500,17.299999,0,0,8,0,12,0,3,939094080,10.9
0,1,0,0,0,0,1,0,0,1,0,1,0,6400,208.75,46000,19.23,0,0,13,0,26,0,0,47711048,9
0,1,0,0,0,0,1,0,1,0,0,1,0,8000,266.17999,51000,25.709999,0,0,12,0,26,0,10,269971744,7.8000002
0,1,0,0,0,0,1,0,1,0,0,1,0,8400,266.73001,110000,23.190001,0,0,28,0,58,0,1,1220193,8.8788729
0,0,0,0,0,1,0,1,1,0,0,1,0,2400,59.419998,32380,5.5999999,1,0,13,0,14,0,2,49566764,6
0,1,0,0,0,0,1,0,1,0,0,1,0,8450,262.89001,31200,14.08,0,0,6,0,16,0,1,33001358,7.6651688
0,1,0,0,0,0,1,0,1,0,0,0,1,14400,465.73001,90000,6.8299999,0,1,8,0,19,0,0,2527840,8.3999996
0,1,0,0,0,0,1,0,1,0,0,1,0,10000,361.48001,60000,7.7800002,0,0,7,0,10,0,3,3857984,8.1000004
0,1,0,0,0,0,1,0,1,0,0,0,1,5000,164.03,56000,15.51,1,2,6,0,19,0,10,47278216,6.1160002
0,1,0,0,0,0,1,0,0,0,1,1,0,3000,102.67,31000,29.879999,0,1,21,0,42,0,1,23216022,7.4265823
0,0,0,1,0,0,0,1,1,0,0,1,0,10000,219.88,32000,13.88,0,0,7,0,13,0,2,3752530,8.0883331
0,1,0,0,0,0,1,0,1,0,0,1,0,6300,197.08,84000,18.209999,0,1,9,0,19,0,5,7955064,16.1
0,1,0,0,0,0,1,0,1,0,0,1,0,12000,404.94,57000,18.93,0,2,20,0,29,0,10,49776012,8.3406973
1,1,0,0,0,0,1,0,0,0,1,1,0,7750,269.84,80000,32.790001,0,2,16,0,50,0,5,1031850880,11.05
0,1,0,0,0,0,1,0,1,0,0,1,0,9000,281.62,61200,13.82,0,1,17,1,26,1,2,74034480,9.6000004
0,1,0,0,0,0,1,0,0,0,1,1,0,12000,368.45001,88000,5.4699998,0,0,5,0,9,0,10,36080432,11.9
0,1,0,0,0,0,1,0,0,0,1,1,0,9900,323.87,39000,14.65,0,0,6,0,8,0,3,104259456,8.3999996
0,1,0,0,0,0,1,0,0,1,0,1,0,5000,174.09,49000,13.2,0,1,5,0,10,0,4,36294256,12.4
0,1,0,0,0,0,1,0,1,0,0,1,0,18000,653.01001,104000,6,0,1,7,0,19,0,4,67735112,8.3000002
1,1,0,0,0,0,1,0,0,0,1,1,0,8325,280.95001,25000,12.1,0,0,6,0,30,0,10,29043448,8.0661535
0,0,0,0,0,1,1,0,1,0,0,1,0,7000,223.63,50000,7.8000002,0,0,8,0,17,0,2,295440320,11.6
0,1,0,0,0,0,1,0,1,0,0,1,0,10000,325.73999,90000,11.16,0,1,15,0,22,0,10,71517920,8.1000004
0,0,0,0,0,1,1,0,1,0,0,1,0,5000,178.94,118000,13.78,2,1,9,0,23,0,2,3608987,10.729546
0,1,0,0,0,0,1,0,0,0,1,1,0,14000,478.42001,45000,20.190001,1,1,9,0,30,0,3,2626335,9.6103449
0,1,0,0,0,0,1,0,1,0,0,1,0,14000,463.07001,90000,19.870001,0,2,15,0,35,0,7,9362450,9.586957
0,1,0,0,0,0,1,0,1,0,0,1,0,12000,404.97,50000,15.24,0,0,10,0,24,0,7,84155184,15.11875
1,1,0,0,0,0,1,0,0,0,1,1,0,20000,733.53003,70000,23.02,0,8,5,0,14,0,3,43191688,7.4149427
0,1,0,0,0,0,1,0,1,0,0,1,0,7200,242.98,43000,25.549999,0,1,19,0,31,0,3,33571756,6.1999998
0,1,0,0,0,0,1,0,1,0,0,1,0,4000,124.65,36000,12.79,0,1,8,0,18,0,2,227359616,10.9
1,1,0,0,0,0,1,0,0,1,0,1,0,14000,444.54999,88000,24.42,0,1,20,0,46,0,10,18202472,6.7676473
0,1,0,0,0,0,1,0,0,1,0,1,0,9500,318.67999,65000,23.389999,0,1,18,0,39,0,5,28504112,9.1000004
0,1,0,0,0,0,1,0,1,0,0,1,0,17800,556.96997,50000,3.3800001,0,0,8,0,10,0,3,17256622,8.1214285
0,0,0,0,0,1,1,0,1,0,0,1,0,24250,811.56,118320,0.40000001,1,0,5,0,5,0,1,182679872,8.7548389
0,1,0,0,0,0,1,0,0,0,1,1,0,24000,809.92999,58000,19.299999,0,1,19,0,25,0,0,48773880,8.5
0,1,0,0,0,0,1,0,1,0,0,1,0,1200,39.290001,65000,9.7799997,0,0,13,0,18,0,3,39481532,9.1000004
0,1,0,0,0,0,1,0,0,0,1,1,0,6075,211.52,36000,15.43,0,2,6,2,14,2,6,39505920,7.0958905
0,1,0,0,0,0,1,0,0,0,1,1,0,16800,558.96997,100000,11.47,0,3,16,2,30,1,10,83617136,5.1050634
0,1,0,0,0,0,1,0,0,0,1,1,0,6075,208.61,28000,34.41,0,0,9,1,12,1,1,22257032,8.2340908
0,0,0,0,0,1,1,0,1,0,0,1,0,4200,128.96001,150000,18.41,1,0,8,0,47,0,10,436422016,9.9670734
0,1,0,0,0,0,1,0,1,0,0,1,0,6000,192.92999,105000,14.33,1,0,11,0,28,0,1,206051696,8.0784092
0,0,0,0,0,1,1,0,1,0,0,1,0,13000,406.64999,18000,9,0,0,13,0,25,0,6,3812328,10.6
0,1,0,0,0,0,1,0,0,1,0,1,0,10000,360.38,47912,14.7,0,0,8,0,20,0,6,141779760,9.4725275
0,1,0,0,0,0,1,0,1,0,0,1,0,8000,269.95999,48000,8.3999996,0,1,6,0,17,0,2,1463020,11.7
0,1,0,0,0,0,1,0,0,0,1,1,0,35000,1197.75,117000,32.57,0,3,10,0,26,0,10,53635520,15.1
0,1,0,0,0,0,1,0,0,0,1,1,0,24500,763.46002,116500,14.73,0,0,12,1,19,1,6,3636546,7.8969698
1,1,0,0,0,0,1,0,0,1,0,1,0,8500,295.95001,40000,7.5599999,0,0,5,0,6,0,0,21084828,7.717073
0,1,0,0,0,0,1,0,0,0,1,1,0,17600,602.29999,39705,24,1,1,20,0,43,0,7,34582036,6.9618182
0,1,0,0,0,0,1,0,1,0,0,1,0,12000,429.45001,70912,18.780001,1,2,18,0,30,0,7,15304192,9.184906
0,1,0,0,0,0,1,0,0,0,1,1,0,17425,588.04999,40000,11.49,0,0,7,0,12,0,7,7039161,9.0209303
0,1,0,0,0,0,1,0,1,0,0,1,0,12000,410.66,75000,26.18,0,1,17,0,31,0,7,59920644,10.55
0,0,0,0,0,1,1,0,0,1,0,0,1,13000,438.72,50000,15.58,0,2,14,1,21,0,5,17298700,7.560606
0,0,0,0,0,1,1,0,0,1,0,1,0,20000,625.81,52000,21.879999,0,0,11,0,20,0,0,206051696,8.0784092
0,1,0,0,0,0,1,0,0,0,1,1,0,35000,1201.84,125000,9.9099998,0,4,10,0,32,0,2,8079902,7.1089554
0,0,1,0,0,0,1,0,0,0,1,1,0,2500,90.370003,15600,4.6199999,0,1,5,0,8,0,7,108639128,8.5190477
1,1,0,0,0,0,0,1,0,0,1,1,0,25000,428.76999,120000,9.5,1,1,17,0,45,0,6,10815293,9.2714281
0,1,0,0,0,0,1,0,0,0,1,1,0,10000,355.39001,35000,18.549999,0,3,9,0,12,0,4,57342496,9.1000004
0,0,0,0,0,1,1,0,0,1,0,1,0,8500,275.79999,42000,7.5700002,0,0,6,0,8,0,3,3170574,7.6999998
0,0,0,1,0,0,1,0,0,0,1,0,1,10000,317.54001,140000,25,0,3,22,0,38,0,10,50695316,6.6197677
0,1,0,0,0,0,1,0,0,0,1,1,0,8450,285.17001,24800,32.880001,0,0,8,0,15,0,10,36606416,11.7
0,1,0,0,0,0,1,0,0,1,0,1,0,12000,374.16,42000,12.66,0,0,5,0,9,0,0,53176464,8.1000004
0,1,0,0,0,0,0,1,1,0,0,1,0,7200,174.89999,38112,15.84,1,1,8,0,16,0,3,101495872,8.6000004
1,1,0,0,0,0,1,0,0,0,1,1,0,3250,111.22,35000,8.9499998,0,0,8,0,12,0,6,269971744,7.8000002
0,0,0,0,0,1,1,0,0,0,1,1,0,12200,380.17001,115000,5.7399998,0,0,11,0,20,0,4,8091432,8.5862741
0,1,0,0,0,0,1,0,0,0,1,1,0,24000,750.96997,60000,10.16,0,0,9,0,17,0,0,182169600,9.1580648
0,1,0,0,0,0,1,0,1,0,0,1,0,15000,512.59998,118000,11.76,0,2,10,0,16,0,6,51724432,6.762712
0,1,0,0,0,0,1,0,1,0,0,1,0,2100,71.440002,42508,2.3099999,0,0,3,0,3,0,1,1445595,9.3999996
0,1,0,0,0,0,1,0,0,0,1,1,0,5525,186.46001,62000,26.190001,0,1,11,0,23,0,4,8219987,7.9352942
0,1,0,0,0,0,1,0,1,0,0,1,0,13000,445.39001,60000,15.18,0,1,7,0,9,0,6,40673032,10.047273
0,0,0,0,0,1,1,0,1,0,0,1,0,6000,214.73,75000,4.3200002,0,0,8,0,18,0,0,42520504,7.8914285
0,1,0,0,0,0,1,0,1,0,0,1,0,6050,201.3,29000,24.120001,0,1,17,0,50,0,5,1445595,9.3999996
1,1,0,0,0,0,1,0,0,1,0,0,1,12000,432.45001,120000,12.54,1,1,14,0,29,0,0,103764672,7.5
0,1,0,0,0,0,1,0,1,0,0,1,0,14400,472.39999,156000,6.79,2,0,10,0,20,0,10,98684288,5.6652174
0,1,0,0,0,0,1,0,1,0,0,0,1,7000,219.03999,105000,25.620001,0,0,11,0,34,0,7,3938172,8.5200005
0,1,0,0,0,0,0,1,0,1,0,1,0,17500,457.92001,57828.84,21.540001,0,2,6,0,30,0,10,151008576,7.2966294
0,1,0,0,0,0,1,0,0,0,1,1,0,16750,583.20001,41999,30.23,0,0,16,0,29,0,10,8319964,8.04
0,1,0,0,0,0,1,0,0,0,1,0,1,18225,643.34998,73000,8.8299999,0,0,9,0,19,0,2,207447968,7.4704547
0,1,0,0,0,0,1,0,1,0,0,0,1,10000,317.54001,52000,17.75,0,0,20,0,38,0,10,19739648,7.7566667
0,1,0,0,0,0,1,0,0,0,1,1,0,8000,273.78,65000,10.73,1,0,7,0,13,0,8,102868224,8
1,1,0,0,0,0,1,0,0,1,0,1,0,10000,321.54999,100000,12.05,0,0,8,0,14,0,1,5705511,10.486275
1,1,0,0,0,0,1,0,1,0,0,1,0,15000,503.17999,47000,14.02,0,1,11,0,17,0,7,7903688,14.9
1,0,0,1,0,0,1,0,0,0,1,1,0,3600,121.49,85000,13.4,0,1,12,1,61,1,2,1474289,9.2786884
0,0,0,1,0,0,1,0,0,1,0,1,0,4000,131.23,24000,4.5999999,0,0,5,0,22,0,1,23675828,9.1760559
0,0,0,0,0,1,1,0,0,0,1,1,0,27000,844.84003,54000,7.7800002,0,2,5,0,15,0,5,34309096,8.0381823
1,0,0,1,0,0,1,0,0,0,1,1,0,12000,389.35999,56600,6.5100002,0,5,8,0,52,0,3,29106534,13.030232
0,1,0,0,0,0,1,0,0,1,0,1,0,19000,603.32001,52800,15.82,0,0,4,0,10,0,10,4857245,8.751852
0,0,0,0,0,1,1,0,1,0,0,1,0,6000,187.75,36000,13.5,0,0,4,0,16,0,1,1031850880,11.05
0,0,0,0,0,1,0,1,1,0,0,1,0,12000,287.25,50000,20.450001,0,2,6,0,27,0,8,68320800,9.8999996
0,1,0,0,0,0,0,1,0,0,1,1,0,15000,341.01001,82000,9.3100004,0,0,6,0,18,0,0,17935472,8.1122446
0,1,0,0,0,0,1,0,1,0,0,1,0,7875,245,40000,19.59,0,0,7,0,12,0,8,6589628,7.8583331
0,1,0,0,0,0,1,0,0,0,1,1,0,3500,121.87,39000,29.08,0,2,10,0,29,0,2,58689792,5.3000002
0,1,0,0,0,0,1,0,1,0,0,1,0,12000,399.26001,35801.301,20.309999,0,0,8,0,16,0,1,12175546,8.4636364
0,0,1,0,0,0,1,0,0,1,0,1,0,35000,1235.52,219820,15.52,0,1,13,0,36,0,10,58151924,6.6417723
0,0,0,0,0,1,1,0,0,1,0,1,0,4500,155.38,58000,9.4799995,1,0,3,0,10,0,0,35859984,7.6709676
0,1,0,0,0,0,1,0,1,0,0,1,0,3000,107.95,45000,26.77,0,1,15,0,26,0,7,1019170944,7.7264705
0,1,0,0,0,0,1,0,0,0,1,1,0,15000,485.14001,43000,21.379999,0,0,11,0,39,0,10,41151752,8.8381815
0,1,0,0,0,0,1,0,1,0,0,1,0,8000,258.73999,30000,13.56,0,0,6,0,7,0,6,658237632,10.727397
0,1,0,0,0,0,1,0,0,1,0,1,0,17175,597.98999,73000,22.280001,0,0,13,0,25,0,6,2677778,7.534524
0,0,0,1,0,0,1,0,1,0,0,1,0,1800,59.540001,49000,15.33,0,1,5,1,16,1,10,5196066,9.6122446
0,0,0,0,0,1,1,0,0,0,1,1,0,28000,1076.16,116000,11.53,0,2,13,0,26,0,10,206051696,8.0784092
0,1,0,0,0,0,1,0,0,0,1,1,0,13300,448.84,50000,18.190001,0,0,7,0,14,0,10,8357506,7.9839287
0,1,0,0,0,0,1,0,1,0,0,1,0,9600,329.64999,40000,18.360001,0,2,12,0,13,0,2,22299870,9.2733335
1,1,0,0,0,0,1,0,0,0,1,1,0,9750,324.39999,30000,7.3200002,0,0,9,0,19,0,10,18985056,9.6415091
0,1,0,0,0,0,1,0,0,1,0,1,0,3000,93.879997,45000,22.58,0,0,8,0,23,0,2,893760,7.9000001
0,1,0,0,0,0,1,0,0,0,1,1,0,20000,696.06,99000,8.9899998,0,0,11,0,25,0,10,7925684,15.9
0,1,0,0,0,0,1,0,0,0,1,1,0,14000,444.54999,109000,32.349998,0,0,16,0,39,0,3,19754836,6.25
1,1,0,0,0,0,1,0,1,0,0,1,0,9000,303.73001,50000,13.54,0,0,9,1,16,1,1,55733520,6.7522388
0,0,0,1,0,0,1,0,0,1,0,1,0,4750,159.44,13806,11.04,0,0,2,0,7,0,6,1648076,11.528571
0,1,0,0,0,0,1,0,0,0,1,1,0,12000,396.92001,50000,18.309999,0,0,8,0,9,0,8,71517920,8.1000004
0,0,0,0,0,1,1,0,1,0,0,1,0,9000,278.48001,37000,14.85,0,1,9,0,13,0,5,6970600,8
0,1,0,0,0,0,1,0,0,0,1,1,0,5600,197.69,36000,18.67,0,1,9,0,23,0,4,55352360,8.469492
0,0,0,0,0,1,1,0,1,0,0,1,0,3600,110.54,66000,16.65,0,1,15,0,39,0,10,19739648,7.7566667
0,1,0,0,0,0,1,0,1,0,0,1,0,5100,161.95,60000,16.290001,0,0,13,0,31,0,10,12175546,8.4636364
0,0,0,1,0,0,1,0,1,0,0,0,1,9450,295.70001,27000,4.2199998,0,0,10,0,14,0,5,4908225,7.7166667
0,1,0,0,0,0,1,0,1,0,0,1,0,6000,206.03,87000,10.59,1,2,12,0,34,0,10,9334872,6.5999999
0,1,0,0,0,0,1,0,1,0,0,1,0,16375,529.60999,116000,5.2399998,2,2,8,0,33,0,10,42520504,7.8914285
0,0,1,0,0,0,1,0,0,0,1,1,0,10000,327.91,114000,9.3299999,1,1,10,0,26,0,4,68320800,9.8999996
0,1,0,0,0,0,1,0,1,0,0,1,0,6250,214.62,22848,19.66,0,0,10,0,22,0,2,18968530,9.6439028
0,1,0,0,0,0,1,0,1,0,0,1,0,8000,273.78,54000,22.700001,0,0,7,0,34,0,10,220380352,7.5999999
0,0,0,1,0,0,1,0,0,1,0,0,1,10000,357.88,55000,28.65,0,0,13,0,26,0,2,50883720,7.6169014
0,1,0,0,0,0,1,0,1,0,0,1,0,7475,235.94,25000,25.15,0,3,17,0,27,0,5,4849463,10.337037
0,1,0,0,0,0,1,0,0,0,1,1,0,7000,240.37,50000,10.72,1,0,9,0,24,0,10,245552288,8.8704224
0,1,0,0,0,0,1,0,0,0,1,1,0,10000,365.29999,30000,26.450001,0,1,6,0,12,0,3,45738328,8.6999998
0,1,0,0,0,0,1,0,1,0,0,1,0,15000,495.20999,73000,10.22,0,1,4,0,5,0,10,4855712,6.0999999
0,1,0,0,0,0,1,0,0,0,1,1,0,5000,161.72,65000,19.07,0,4,5,0,43,0,0,1106416,12.922916
1,0,0,0,0,1,1,0,0,1,0,1,0,5000,173.89999,50000,3.72,0,1,8,0,11,0,2,7925684,15.9
0,1,0,0,0,0,1,0,1,0,0,1,0,5000,166.36,30000,28.48,0,1,16,0,30,0,0,7121321,10.290566
0,1,0,0,0,0,1,0,1,0,0,1,0,14000,452.79999,80000,17.209999,0,0,15,0,24,0,5,1291390,6.2483869
0,1,0,0,0,0,1,0,1,0,0,1,0,22000,688.39001,100000,16.02,0,2,12,0,26,0,0,47278216,6.1160002
0,1,0,0,0,0,1,0,0,0,1,1,0,20000,715.75,77000,25.67,0,1,22,0,38,0,3,601904,6.2018867
0,1,0,0,0,0,1,0,0,0,1,1,0,20000,652.32001,60000,13.96,0,0,18,0,30,0,3,5836581,6.1354837
0,1,0,0,0,0,1,0,1,0,0,1,0,10000,342.22,79000,9.46,1,1,11,0,16,0,10,31987548,8.0060606
0,1,0,0,0,0,1,0,0,0,1,0,1,6000,202.49001,65000,13.53,0,1,5,0,22,0,10,939094080,10.9
0,1,0,0,0,0,1,0,0,0,1,1,0,8000,250.33,33020,23.309999,0,0,8,0,10,0,2,58689792,5.3000002
0,1,0,0,0,0,1,0,1,0,0,1,0,9450,314.42001,32000,17.51,0,0,6,0,8,0,10,7397347,6.9031248
0,0,0,0,0,1,1,0,0,1,0,1,0,15000,491.01001,142000,7.7399998,0,1,10,0,21,0,8,6822468,10.2825
1,1,0,0,0,0,1,0,0,0,1,1,0,12000,417.81,40000,13.32,0,0,6,0,6,0,3,945410560,9.6999998
0,0,0,1,0,0,1,0,0,1,0,1,0,12000,411.70999,85000,8.1499996,2,0,2,0,13,0,0,28882880,11.024692
0,0,1,0,0,0,1,0,0,1,0,1,0,8000,242.62,26400,21.59,0,0,5,0,10,0,8,2688578,10.2
1,1,0,0,0,0,1,0,0,1,0,1,0,20000,661.52002,186000,9.8800001,0,0,15,0,32,0,0,72160832,8.0377779
0,1,0,0,0,0,1,0,0,0,1,1,0,10000,348.17999,32000,7.0100002,0,0,10,1,29,1,7,41894292,6
0,1,0,0,0,0,1,0,0,1,0,1,0,12000,391.39001,100000,20.290001,0,2,6,0,14,0,10,10229582,6.3289156
0,1,0,0,0,0,1,0,1,0,0,1,0,10000,363.98999,38000,4.9299998,0,2,7,0,10,0,3,71629856,7.5
0,0,1,0,0,0,1,0,0,0,1,1,0,4500,136.96001,42000,2.3699999,0,0,6,0,7,0,6,5853512,6.032258
0,1,0,0,0,0,1,0,0,1,0,1,0,9750,351.37,30000,12.4,0,0,6,0,8,0,6,7840428,7.9000001
0,0,0,0,0,1,1,0,1,0,0,1,0,1500,50.799999,20160,24.879999,0,1,8,0,10,0,3,1024303808,12.79853
1,1,0,0,0,0,1,0,1,0,0,1,0,18225,589.44,85000,13.72,0,0,13,1,25,1,10,36606416,11.7
0,0,1,0,0,0,1,0,1,0,0,1,0,6200,188.71001,41880,1.95,0,0,6,0,11,0,10,29103678,8.2553844
0,1,0,0,0,0,1,0,0,0,1,0,1,9000,299.45001,73000,10.08,0,0,7,1,10,0,2,17673016,6.9923077
0,1,0,0,0,0,1,0,0,0,1,0,1,10000,348.17999,121000,15.81,0,1,16,0,36,0,10,31987548,8.0060606
0,1,0,0,0,0,1,0,1,0,0,1,0,6000,202.49001,50000,24.99,0,3,15,0,37,0,0,33571756,6.1999998
1,0,0,0,0,1,1,0,1,0,0,1,0,2800,97.010002,16464,16.18,1,4,3,0,14,0,10,5198074,8.6999998
0,0,0,1,0,0,1,0,1,0,0,1,0,3000,98.919998,78000,16.26,0,1,16,0,32,0,7,143048560,7.7460527
0,1,0,0,0,0,1,0,0,0,1,1,0,5000,166.5,27000,9.7799997,0,0,7,0,14,0,2,8437415,13.586567
0,0,0,1,0,0,1,0,0,1,0,1,0,10000,308.41,140004,0.5,0,2,14,0,36,0,4,141435488,9.7967033
0,0,0,0,0,1,1,0,1,0,0,1,0,10000,304.35999,58000,13.45,0,0,9,0,20,0,6,1003332,12.6
0,1,0,0,0,0,1,0,0,0,1,1,0,7000,237.52,55000,11.3,0,0,8,0,34,0,4,431208608,11.104878
0,0,0,0,0,1,1,0,1,0,0,1,0,6500,203.39,102000,7.3499999,0,0,13,0,34,0,3,72250784,8.3000002
0,1,0,0,0,0,1,0,0,1,0,1,0,10000,348.47,39996,20.16,0,3,10,0,14,0,3,3810262,12.946053
1,1,0,0,0,0,1,0,1,0,0,1,0,3250,120.32,20000,17.4,0,2,12,0,17,0,1,220380352,7.5999999
0,1,0,0,0,0,1,0,1,0,0,1,0,10000,332.72,45000,14.48,0,0,7,0,26,0,2,4417952,7.4000001
1,0,0,0,0,1,0,1,1,0,0,1,0,8400,193.75999,35400,17.559999,0,1,21,1,34,1,0,9625789,7.8073173
0,1,0,0,0,0,1,0,1,0,0,1,0,12375,417.62,26000,13.51,0,0,8,0,12,0,3,17298700,7.560606
0,1,0,0,0,0,1,0,0,1,0,1,0,3000,93.309998,24000,12.85,0,0,5,0,7,0,2,53176464,8.1000004
0,1,0,0,0,0,1,0,0,1,0,1,0,6000,190.52,68134,13.05,0,0,8,0,12,0,10,12175546,8.4636364
0,1,0,0,0,0,1,0,0,1,0,1,0,33950,1161.8199,180000,4.8600001,0,0,10,0,37,0,10,20869220,8.3116884
1,1,0,0,0,0,1,0,0,0,1,1,0,16000,532.34998,40000,20.67,0,0,14,0,29,0,8,25392,4.9000001
0,0,0,0,0,1,0,1,0,1,0,1,0,13750,336.72,30000,18.84,0,1,15,0,23,0,4,10107390,8.048193
0,1,0,0,0,0,1,0,0,0,1,1,0,18800,645.56,60000,29.379999,0,0,9,0,15,0,10,250530416,11.01383
0,0,0,0,0,1,1,0,0,0,1,0,1,4800,179.59,23000,9.6000004,2,1,4,0,11,0,3,27329390,12.525
0,1,0,0,0,0,1,0,1,0,0,1,0,10000,348.17999,41000,8.75,0,0,8,0,8,0,2,33993376,7.9070177
0,1,0,0,0,0,1,0,1,0,0,1,0,9000,302.10001,36000,20.530001,0,0,10,0,12,0,3,27961020,8.5279074
1,1,0,0,0,0,1,0,1,0,0,1,0,2500,75.82,40000,14.7,0,1,10,0,26,0,8,84132336,9.3999996
0,1,0,0,0,0,1,0,0,0,1,0,1,18000,547.84003,85000,17.98,1,0,13,0,29,0,8,40802168,8.1571426
0,1,0,0,0,0,1,0,1,0,0,1,0,10000,339.31,48000,24.43,0,3,12,0,21,0,2,41550892,8.764286
0,1,0,0,0,0,1,0,0,0,1,1,0,30000,1130.26,120000,16.950001,1,1,13,0,39,0,5,41026944,8.3999996
0,0,0,0,0,1,1,0,1,0,0,1,0,6000,182.62,80000,17.1,0,0,9,0,16,0,10,23689600,8.684
0,1,0,0,0,0,1,0,1,0,0,1,0,6000,214.73,37000,8.2399998,0,1,7,0,18,0,10,1991316,10.644444
0,0,0,0,0,1,1,0,0,0,1,1,0,12000,395.66,85500,14.6,0,2,10,0,29,0,3,31746130,10.142425
0,0,0,0,0,1,1,0,1,0,0,1,0,3200,108.7,24000,17.5,0,1,5,0,7,0,3,366361504,9.9311829
0,1,0,0,0,0,1,0,1,0,0,1,0,13650,468.72,45000,8.5900002,0,0,7,0,9,0,6,72828448,7.6999998
0,1,0,0,0,0,1,0,0,1,0,1,0,8000,247.53,50000,8.2600002,0,0,7,0,11,0,4,932767936,12.5
0,1,0,0,0,0,1,0,1,0,0,0,1,18000,631.06,42500,3.5599999,0,1,4,0,7,0,10,296141952,8.0580244
0,1,0,0,0,0,1,0,1,0,0,1,0,10000,342.22,48000,22.23,0,2,22,0,47,0,5,124009184,10.279013
0,1,0,0,0,0,1,0,1,0,0,0,1,15000,492.07999,40000,9.4499998,0,0,11,0,27,0,3,19001362,9.2378044
0,1,0,0,0,0,1,0,0,1,0,0,1,13200,413.04001,40000,15.18,0,0,12,0,18,0,10,1229649,8.5830984
0,0,0,0,0,1,1,0,0,0,1,1,0,14825,504.32001,30000,9.5500002,0,1,8,0,10,0,2,69196408,10.9
1,1,0,0,0,0,1,0,1,0,0,1,0,5600,192.64999,30000,16.360001,1,1,2,0,11,0,1,22145320,10.002273
0,1,0,0,0,0,1,0,1,0,0,0,1,15000,492.07999,98000,17.459999,0,0,25,0,41,0,10,118960,9.3999996
0,1,0,0,0,0,1,0,1,0,0,0,1,15000,469.35999,87900,7.9499998,1,0,11,0,22,0,6,5956647,8.0188675
0,1,0,0,0,0,1,0,1,0,0,1,0,15000,467.42999,94000,11.66,0,0,15,0,30,0,6,444325248,9.6317072
1,1,0,0,0,0,1,0,1,0,0,1,0,6000,200.5,60000,15.64,0,3,7,0,12,0,2,69912976,8.6999998
0,1,0,0,0,0,1,0,0,0,1,1,0,8000,271.45001,30000,14.48,0,2,11,0,21,0,3,187117616,9.1000004
0,0,0,1,0,0,1,0,0,0,1,0,1,30000,1030.15,90000,18.709999,0,0,12,0,18,0,7,169178736,9.6999998
0,1,0,0,0,0,1,0,0,0,1,1,0,11625,386.79001,58245,13.93,0,3,10,0,15,0,10,7903688,14.9
0,0,0,1,0,0,1,0,1,0,0,1,0,9400,328.72,214200,13.38,0,1,9,0,19,0,4,21845352,8.4214287
0,1,0,0,0,0,1,0,1,0,0,1,0,15000,476.57999,60000,16.16,0,2,12,0,47,0,10,4572341,12.6475
0,0,0,1,0,0,1,0,1,0,0,1,0,1500,49.91,22752,12.66,0,1,11,0,12,0,1,11153835,9.6207314
1,0,0,0,0,1,1,0,0,1,0,1,0,1600,58.700001,110000,7.48,0,3,10,1,18,0,10,3857984,8.1000004
0,1,0,0,0,0,1,0,0,1,0,1,0,6975,224.77,60000,18.82,0,1,13,1,30,1,6,5823607,7.7770271
0,1,0,0,0,0,1,0,1,0,0,1,0,6075,196.48,30000,23.6,0,0,9,0,11,0,2,6116022,8.1199999
0,0,0,0,0,1,1,0,1,0,0,1,0,4800,164.03,30000,11.24,0,1,4,0,6,0,10,12812403,9.5373135
0,1,0,0,0,0,1,0,1,0,0,1,0,5000,169.03,40000,14.37,0,1,4,0,5,0,2,20650248,11.953247
0,1,0,0,0,0,1,0,1,0,0,1,0,16375,529.60999,62000,28.780001,1,3,18,0,32,0,2,56215952,6.6999998
0,0,0,0,0,1,1,0,0,0,1,1,0,25000,517.51001,90000,10.33,0,1,14,0,52,0,2,239754672,11.814084
0,1,0,0,0,0,1,0,1,0,0,0,1,10000,343.39001,30000,13.76,0,0,10,0,15,0,2,72250784,8.3000002
0,1,0,0,0,0,1,0,0,0,1,1,0,16000,523.77002,96000,4.8400002,0,4,12,0,20,0,5,370123808,11.068817
0,0,1,0,0,0,1,0,1,0,0,1,0,1500,57.66,17000,9.3900003,0,1,5,0,27,0,2,4853913,7.7977777
0,1,0,0,0,0,1,0,0,1,0,1,0,4500,148.85001,48000,6.3499999,0,2,5,0,7,0,4,49007128,9.6324673
0,0,0,0,0,1,1,0,0,0,1,1,0,20000,666.29999,120000,8.2200003,0,0,17,0,35,0,10,874790,7.1999998
1,1,0,0,0,0,1,0,0,0,1,1,0,8875,309.01001,27500,30.15,0,1,11,0,26,0,2,291221792,9.4123459
0,1,0,0,0,0,1,0,1,0,0,1,0,10000,307.04001,41600,15.35,0,1,7,0,11,0,2,55322960,7.4000001
0,1,0,0,0,0,1,0,1,0,0,1,0,5275,167.5,117000,18.77,0,1,11,0,38,0,1,939094080,10.9
0,1,0,0,0,0,1,0,1,0,0,1,0,5000,164.03,34000,18.709999,0,2,5,0,12,0,5,95179352,16.303333
0,1,0,0,0,0,1,0,0,1,0,1,0,4400,146.13,52256,5.4000001,0,0,3,0,5,0,10,201771824,10.3
0,1,0,0,0,0,1,0,0,0,1,0,1,2000,74.830002,30000,26,0,3,10,0,17,0,1,12434057,6.771831
0,1,0,0,0,0,1,0,0,0,1,1,0,10000,311.10999,50000,4.6300001,0,2,8,0,25,0,5,1656200,7.5
0,1,0,0,0,0,1,0,1,0,0,1,0,12000,375.38,60000,10.14,1,1,19,0,52,0,10,12701564,12.073134
0,1,0,0,0,0,1,0,0,1,0,1,0,8000,250.33,45000,22.83,1,2,8,0,24,0,6,6441696,6.1999998
0,1,0,0,0,0,1,0,1,0,0,1,0,5200,167.99001,40000,11.87,0,0,9,1,11,1,10,6090232,10.817391
0,1,0,0,0,0,0,1,1,0,0,1,0,16000,382.32999,59000,18.790001,0,0,6,1,16,1,7,35859984,7.6709676
0,1,0,0,0,0,1,0,0,0,1,1,0,4500,149.11,56000,15.39,0,0,9,0,20,0,10,259166,5.1415386
0,0,1,0,0,0,1,0,0,0,1,1,0,10000,311.79999,107500,28.4,0,1,18,1,30,1,10,51300136,7.1999998
0,1,0,0,0,0,1,0,0,0,1,0,1,12000,404.97,57600,8.1899996,0,0,7,0,33,0,10,1813603,10.1
0,1,0,0,0,0,1,0,0,0,1,0,1,10000,328.06,90000,5.1300001,0,1,6,1,20,1,0,67793128,6.1154928
0,0,0,1,0,0,1,0,1,0,0,1,0,20000,674.94,75000,20.370001,0,1,10,0,29,0,10,13379067,6.5999999
0,1,0,0,0,0,1,0,1,0,0,1,0,5000,165.67,96000,23.75,0,1,13,0,33,0,0,33854352,7.9000001
0,1,0,0,0,0,1,0,0,1,0,1,0,12000,375.48999,109000,10.99,0,0,18,0,22,0,0,245552288,8.8704224
0,0,0,1,0,0,1,0,0,1,0,1,0,4000,137.98,63500,15.42,1,0,17,0,24,0,2,1445595,9.3999996
0,0,1,0,0,0,1,0,1,0,0,1,0,15000,513.33002,39010,19.66,0,3,6,0,21,0,5,110904800,8
0,0,0,0,0,1,1,0,0,0,1,1,0,12000,394.35999,58000,6.3299999,0,0,4,0,6,0,4,95985272,8.9304352
0,1,0,0,0,0,1,0,0,0,1,1,0,21000,666.82001,250000,5.8800001,0,0,3,0,38,0,7,228888864,9.6999998
0,1,0,0,0,0,1,0,0,0,1,1,0,9150,297.79001,30000,22.92,0,3,7,0,13,0,8,107546368,10.016666
0,1,0,0,0,0,1,0,1,0,0,1,0,8400,279.72,35000,24.690001,0,1,12,0,21,0,6,6771720,10.591228
0,1,0,0,0,0,1,0,0,0,1,1,0,30000,1012.41,110000,12.42,0,1,16,0,31,0,0,7688848,6.3000002
0,1,0,0,0,0,1,0,1,0,0,1,0,12125,414.94,34959,22.48,0,0,11,0,21,0,7,22426184,7.8377776
0,1,0,0,0,0,1,0,1,0,0,1,0,8500,306.32001,50000,32.259998,0,2,17,0,23,0,8,249436,9
1,0,1,0,0,0,1,0,1,0,0,1,0,1000,34.18,21000,10.06,0,2,6,0,14,0,8,108639128,8.5190477
0,0,1,0,0,0,0,1,0,0,1,1,0,25000,618.22998,94600,8.1300001,0,0,4,0,11,0,4,4332432,8.1000004
0,0,0,1,0,0,1,0,0,0,1,1,0,12250,420.64999,52000,24.209999,2,0,15,0,28,0,0,3206016,7.1999998
0,1,0,0,0,0,1,0,0,0,1,1,0,12000,368.45001,43900,32.689999,0,1,13,0,38,0,10,3374649,8.0897436
0,1,0,0,0,0,1,0,0,0,1,1,0,19000,641.20001,106000,22.09,0,0,16,0,24,0,10,13582240,8.2345676
0,1,0,0,0,0,1,0,0,1,0,1,0,9400,321.69,80000,21.459999,0,0,12,0,20,0,3,7654328,7.3000002
0,1,0,0,0,0,1,0,1,0,0,1,0,6000,202.49001,56000,16.91,0,0,9,0,17,0,10,181642848,7.0327868
0,1,0,0,0,0,1,0,1,0,0,1,0,10200,350.25,48000,21.450001,0,1,10,0,25,0,8,9259749,5.6235957
0,1,0,0,0,0,1,0,0,0,1,1,0,12000,368.45001,105000,18.27,0,0,12,0,42,0,4,75858536,6.1599998
1,1,0,0,0,0,1,0,0,0,1,1,0,14825,543.81,38189,28.370001,0,2,20,0,43,0,7,7121321,10.290566
0,1,0,0,0,0,1,0,1,0,0,1,0,4300,134.55,43000,22.83,0,1,14,0,19,0,2,18985488,6.8000002
0,1,0,0,0,0,0,1,0,0,1,1,0,15000,321.37,67000,24.620001,0,0,12,0,32,0,8,5811339,7.8557692
1,1,0,0,0,0,1,0,1,0,0,1,0,13000,445.45001,36000,18.93,0,5,10,0,14,0,2,142784864,4.5932584
1,1,0,0,0,0,1,0,1,0,0,1,0,18225,578.71002,46000,19.15,0,1,10,0,21,0,10,129872,8
1,1,0,0,0,0,0,1,0,1,0,1,0,13000,221.71001,53600,20.51,0,1,13,0,34,0,2,177059424,10.237705
1,1,0,0,0,0,1,0,0,0,1,1,0,16000,572.59998,62000,15.46,0,1,17,1,21,1,6,106489448,6.5
1,1,0,0,0,0,1,0,1,0,0,1,0,15000,529.51001,65000,19.07,0,1,11,0,24,0,5,7596300,10.619047
0,0,0,1,0,0,0,1,0,0,1,1,0,3000,69.199997,46000,6.6500001,1,3,3,0,4,0,3,1024303808,12.79853
0,1,0,0,0,0,1,0,0,1,0,0,1,9325,324.67999,78000,16.92,0,1,11,0,21,0,0,1075410,5.9446807
0,1,0,0,0,0,1,0,1,0,0,0,1,6000,184.23,60000,1.92,0,0,7,0,15,0,10,72828448,7.6999998
0,1,0,0,0,0,1,0,1,0,0,1,0,5375,195.64999,20000,7.6799998,0,2,6,0,13,0,1,21336578,6.7619047
0,0,1,0,0,0,0,1,0,0,1,1,0,7200,173.49001,72000,14.23,0,1,10,0,43,0,10,68730272,12.5
0,1,0,0,0,0,1,0,1,0,0,1,0,9750,333.66,28000,19.110001,0,0,9,1,17,1,10,1311832,6.1285715
0,1,0,0,0,0,1,0,0,1,0,1,0,10000,360.38,30500,11.37,0,0,5,0,6,0,4,7903688,14.9
0,0,1,0,0,0,1,0,0,1,0,1,0,5275,178.99001,57600,11.73,2,0,3,0,11,0,3,12072746,8.5140848
0,0,0,1,0,0,1,0,0,0,1,1,0,7200,225.62,121722,7.29,0,0,12,0,19,0,8,2983662,7.3000002
1,1,0,0,0,0,1,0,0,0,1,0,1,17625,613.65997,78000,31.450001,0,0,9,0,14,0,4,101459256,7.1614456
1,0,0,0,0,1,1,0,0,1,0,1,0,6000,198.89,81000,17.440001,0,0,10,0,18,0,4,1463020,11.7
0,1,0,0,0,0,1,0,1,0,0,1,0,6000,199.63,75000,14.4,0,3,17,0,24,0,0,1445595,9.3999996
1,1,0,0,0,0,1,0,1,0,0,1,0,7000,250.52,25500,25.690001,0,1,4,0,15,0,5,40668876,8.5989008
0,1,0,0,0,0,1,0,0,1,0,1,0,6000,201.25,46000,17.5,0,1,13,0,22,0,6,5611616,11.012121
0,0,1,0,0,0,1,0,1,0,0,1,0,5000,156.69,90000,4.2800002,0,0,7,0,12,0,4,361243712,6.1408601
0,1,0,0,0,0,1,0,1,0,0,0,1,15000,506.20999,36000,7.5300002,0,0,12,0,17,0,1,36606416,11.7
0,1,0,0,0,0,1,0,0,1,0,1,0,9600,313.12,40000,22.48,0,0,10,0,17,0,5,56877764,11.198305
0,0,0,0,0,1,1,0,1,0,0,1,0,6900,210.00999,71000,8.1999998,0,0,14,0,28,0,3,897890,7.4000001
1,0,0,0,0,1,1,0,0,0,1,1,0,10000,368.69,31000,13.94,0,0,4,0,9,0,3,59867056,11.884286
0,1,0,0,0,0,1,0,0,0,1,1,0,15000,549.77002,79000,15.51,0,1,10,0,31,0,5,52106332,8.3920002
0,1,0,0,0,0,1,0,1,0,0,1,0,14800,499.45999,57200,7.0300002,1,0,6,0,8,0,2,12716319,8.5888891
0,1,0,0,0,0,1,0,1,0,0,1,0,15250,528.34003,59000,24.08,0,0,8,0,15,0,7,935561024,11.6
0,1,0,0,0,0,1,0,0,0,1,1,0,20000,656.10999,74000,28.65,0,3,12,0,33,0,8,5709475,8.80303
0,1,0,0,0,0,1,0,0,0,1,1,0,24000,762.08002,100000,15.41,0,2,10,0,14,0,0,494260064,10.9
0,0,0,0,0,1,1,0,1,0,0,1,0,1500,52.790001,38208,9.4799995,0,1,4,0,4,0,2,9830715,9.4507046
0,1,0,0,0,0,1,0,0,0,1,1,0,8325,297.92999,47000,5.4499998,0,2,12,0,28,0,10,444325248,9.6317072
1,0,0,1,0,0,1,0,1,0,0,1,0,5000,167.73,75000,11.12,0,1,10,0,24,0,5,5823607,7.7770271
0,0,0,0,0,1,1,0,1,0,0,1,0,6000,198.46001,30000,6.1199999,0,0,4,0,10,0,5,69912976,8.6999998
0,1,0,0,0,0,1,0,0,0,1,0,1,24000,747.88,80000,14.76,0,0,9,0,20,0,7,19864662,9.6118641
0,0,0,0,0,1,1,0,0,1,0,1,0,3200,114.88,35004,1.37,0,1,4,0,5,0,0,9203400,7.5
0,1,0,0,0,0,1,0,0,0,1,1,0,10000,363.98999,34940,30.67,0,0,13,0,22,0,6,1287697,5.5351353
0,0,0,0,0,1,1,0,1,0,0,1,0,8450,285.17001,73000,9.8100004,0,0,8,0,13,0,4,72250784,8.3000002
0,0,0,1,0,0,1,0,0,1,0,1,0,12000,413.94,120000,8.4200001,0,2,10,0,16,0,7,10931957,7.3816328
0,0,0,0,0,1,1,0,1,0,0,1,0,6000,191.69,57000,11.56,0,5,14,0,25,0,10,2672078,11.149206
0,1,0,0,0,0,1,0,1,0,0,1,0,15000,524.54999,225000,12.73,0,0,7,0,9,0,10,96087472,8.0478258
0,0,1,0,0,0,0,1,0,1,0,1,0,13000,278.59,52800,2.45,0,0,5,0,8,0,5,47810212,10.253572
0,1,0,0,0,0,1,0,1,0,0,1,0,8000,243.49001,30000,27.48,0,1,15,0,38,0,4,12067942,9.6922073
0,0,0,1,0,0,1,0,0,1,0,1,0,11200,367.42001,138000,14.11,0,1,8,0,22,0,6,4463300,8.1419353
0,1,0,0,0,0,1,0,1,0,0,1,0,7750,269.84,25000,19.629999,0,1,12,0,13,0,2,939094080,10.9
0,0,0,0,0,1,0,1,0,1,0,1,0,5000,127.65,19560,8.2799997,0,1,3,0,3,0,5,68320800,9.8999996
0,1,0,0,0,0,1,0,1,0,0,0,1,8000,266.17999,25200,23.67,0,0,11,1,32,1,0,8342319,7.7477612
1,0,0,0,0,1,1,0,0,1,0,1,0,1800,60.650002,48000,24.700001,0,2,5,0,13,0,3,28689066,12.746739
0,1,0,0,0,0,1,0,1,0,0,1,0,8000,266.17999,58000,9.6400003,0,0,7,0,23,0,10,24692676,8.0325298
0,1,0,0,0,0,1,0,0,0,1,1,0,10325,359.48999,119000,3.53,1,1,9,0,21,0,6,204005744,9.1000004
0,1,0,0,0,0,1,0,1,0,0,1,0,5525,188.42999,79440,21.030001,0,2,8,0,24,0,10,83211808,16.754688
0,1,0,0,0,0,1,0,1,0,0,0,1,11850,412.59,54000,16.040001,0,0,11,0,14,0,2,20165876,8.581356
0,1,0,0,0,0,1,0,0,0,1,1,0,12000,389.29999,127500,11,0,0,19,0,46,0,8,101640256,7.8000002
0,1,0,0,0,0,1,0,0,0,1,1,0,6000,220.09,112000,9.71,0,2,3,0,4,0,3,12220163,7.5422535
0,1,0,0,0,0,1,0,0,1,0,1,0,7000,218.13,31000,17.299999,0,0,7,0,11,0,0,6984747,9.8302326
0,1,0,0,0,0,1,0,0,0,1,1,0,16000,572.59998,60000,24.870001,0,1,14,0,23,0,0,245552288,8.8704224
0,1,0,0,0,0,1,0,1,0,0,1,0,6000,210.38,31000,29.299999,0,1,9,0,24,0,3,127624224,7.6545453
0,1,0,0,0,0,1,0,1,0,0,1,0,4000,130.94,41000,18.700001,0,3,4,0,9,0,7,18879004,10.271698
0,0,0,1,0,0,1,0,1,0,0,1,0,4325,137.34,73000,18.889999,0,0,9,0,33,0,3,12268603,6.9047618
0,1,0,0,0,0,1,0,0,1,0,1,0,18000,563.22998,56964,27.549999,0,0,7,0,20,0,10,197202848,12.483334
1,1,0,0,0,0,1,0,0,0,1,1,0,35000,1318.63,107000,16.32,0,1,16,0,30,0,1,939094080,10.9
0,1,0,0,0,0,1,0,0,1,0,1,0,15000,508.95999,42000,7.8299999,0,2,8,0,12,0,8,28882880,11.024692
0,1,0,0,0,0,1,0,0,1,0,1,0,5000,156.46001,85000,23.120001,1,0,9,0,38,0,10,10804070,4.6043477
0,1,0,0,0,0,1,0,1,0,0,1,0,10000,337.47,55500,18.719999,0,0,13,1,26,1,2,42520504,7.8914285
0,1,0,0,0,0,1,0,0,1,0,1,0,5500,178.42999,27000,19.110001,0,1,12,0,27,0,4,9203400,7.5
0,1,0,0,0,0,1,0,0,1,0,1,0,18000,607.45001,60000,19.690001,0,0,9,0,10,0,5,228888864,9.6999998
0,1,0,0,0,0,1,0,0,0,1,1,0,12000,412.06,49000,34.599998,0,1,11,0,28,0,7,5175152,4.6133332
0,1,0,0,0,0,1,0,0,1,0,1,0,8400,304.73999,50000,10.56,0,1,7,0,15,0,7,3785887,5.2199998
0,1,0,0,0,0,1,0,1,0,0,1,0,25000,793.84003,90000,23.299999,0,2,9,0,25,0,4,14347806,7.4499998
0,1,0,0,0,0,1,0,0,0,1,0,1,6000,194.06,94600,14.37,2,4,18,0,42,0,10,18775076,7
0,1,0,0,0,0,1,0,1,0,0,1,0,14400,528.21997,52500,10.74,0,0,8,0,15,0,10,56905000,7.0743241
0,1,0,0,0,0,1,0,0,1,0,1,0,30000,984.15997,126000,9.4899998,0,4,8,0,37,0,0,7721946,4.9000001
0,1,0,0,0,0,1,0,0,0,1,1,0,20000,748.28003,73600,13.99,0,0,5,0,13,0,10,45939720,8.6999998
0,1,0,0,0,0,1,0,1,0,0,1,0,4800,149.58,60000,8.0600004,4,0,11,0,25,0,5,47278216,6.1160002
0,0,0,1,0,0,1,0,0,1,0,1,0,3500,117.28,83004,9.5900002,2,2,8,0,25,0,7,6812149,11.1475
0,1,0,0,0,0,1,0,0,0,1,1,0,30225,1005.64,85000,7.5799999,0,1,9,0,30,0,5,48494356,6.2352943
0,0,0,0,0,1,1,0,1,0,0,1,0,7500,245.50999,120000,8.5200005,0,0,10,0,34,0,10,8112449,8.458209
1,0,0,1,0,0,0,1,0,1,0,1,0,15000,367.32999,100000,9.25,0,1,12,1,21,1,4,48267368,9.2581081
0,0,0,1,0,0,1,0,1,0,0,1,0,10000,312.82001,75000,6.96,0,3,9,0,42,0,2,94197792,7.5999999
0,1,0,0,0,0,1,0,1,0,0,1,0,15000,467.42999,89000,15.65,0,2,15,0,51,0,8,4564631,9.1368418
0,1,0,0,0,0,1,0,0,1,0,1,0,15000,473.45001,69000,18.139999,0,1,7,0,16,0,3,1464805,11.3
0,1,0,0,0,0,1,0,1,0,0,1,0,8000,288.29999,40000,18.059999,0,2,9,0,22,0,2,125305936,5.375
1,1,0,0,0,0,1,0,0,0,1,1,0,28000,995.08002,76000,13.78,0,1,6,0,17,0,10,6822468,10.2825
1,1,0,0,0,0,1,0,1,0,0,1,0,16000,532.34998,50000,27.26,2,0,12,0,29,0,4,69994168,7.7453332
0,1,0,0,0,0,1,0,1,0,0,1,0,5200,173.02,86000,29.02,1,0,19,0,50,0,8,7650747,5.3000002
0,1,0,0,0,0,1,0,0,1,0,1,0,10000,342.22,72000,10.38,0,0,10,0,14,0,0,7133742,3.5
1,1,0,0,0,0,1,0,1,0,0,0,1,20000,635.07001,80000,17.16,0,2,12,0,19,0,5,43603968,7.8000002
0,0,0,0,0,1,1,0,0,0,1,1,0,25000,890.67999,200000,4.3299999,0,9,18,0,33,0,1,7062777,9.2232876
0,1,0,0,0,0,1,0,0,0,1,1,0,8000,258.73999,140000,24.93,0,0,11,0,28,0,1,103764672,7.5
0,1,0,0,0,0,1,0,1,0,0,1,0,7000,243.73,45000,20.059999,0,0,16,0,25,0,7,13628512,4.9042253
0,1,0,0,0,0,1,0,0,0,1,1,0,20000,727.97998,70000,30.209999,0,0,11,0,19,0,1,72250784,8.3000002
1,1,0,0,0,0,1,0,0,0,1,0,1,7750,282.09,44160,29.809999,1,1,7,0,28,0,10,250530416,11.01383
1,1,0,0,0,0,1,0,1,0,0,1,0,5075,167.32001,20000,19.68,0,0,6,0,7,0,0,12087891,6.7642856
0,1,0,0,0,0,1,0,0,1,0,1,0,9000,293.54999,60000,17.92,0,2,7,0,12,0,1,436422016,9.9670734
0,0,0,0,0,1,1,0,1,0,0,1,0,3800,131.83,38200,12.19,0,5,5,0,5,0,1,53786544,6.2012658
0,1,0,0,0,0,1,0,0,1,0,1,0,4775,162.44,21000,10.06,0,1,8,0,32,0,4,9133242,10.216393
0,1,0,0,0,0,1,0,0,1,0,1,0,12000,373.94,94100,19.209999,0,2,14,0,29,0,4,81025504,5.5822783
0,1,0,0,0,0,1,0,0,1,0,1,0,14000,469.63,76000,7.3299999,0,2,12,0,19,0,6,8653404,10.02
1,0,0,0,0,1,1,0,0,0,1,1,0,8000,273.10001,37732.828,5.8800001,0,2,5,0,16,0,0,64524256,7.4225354
0,0,1,0,0,0,1,0,0,0,1,1,0,17500,566,109000,11.74,0,0,9,0,21,0,8,72828448,7.6999998
0,1,0,0,0,0,1,0,0,0,1,1,0,4250,131.21001,35000,22.83,0,0,6,0,25,0,8,4554215,10
1,1,0,0,0,0,1,0,0,0,1,1,0,6000,218.39999,45000,30.610001,0,2,18,0,31,0,4,15228960,8.6641512
0,1,0,0,0,0,1,0,0,1,0,1,0,16000,529.21997,47000,19.43,0,0,14,0,21,0,7,49981640,7.3406978
0,1,0,0,0,0,1,0,0,1,0,1,0,7800,253.86,60000,6.3600001,0,0,10,0,33,0,0,7232903,9.1410961
0,1,0,0,0,0,1,0,1,0,0,1,0,20000,656.10999,105000,13.47,0,0,9,0,17,0,7,6368465,12.011594
0,0,0,1,0,0,1,0,1,0,0,1,0,4000,127.02,50000,23.299999,0,1,16,0,23,0,8,55974272,8
0,1,0,0,0,0,1,0,0,0,1,1,0,24575,919.45001,77000,29.690001,0,1,12,0,27,0,10,72160832,8.0377779
0,1,0,0,0,0,1,0,1,0,0,1,0,8100,284.62,60963.602,9.6599998,0,1,8,0,12,0,4,206051696,8.0784092
